form	lemma	POS	morph
Voici	voici	VERcjg	MODE=ind|TEMPS=pst|PERS.=x|NOMB.=x
un	un	DETndf	NOMB.=s|GENRE=m
petit	petit	ADJqua	NOMB.=s|GENRE=m
conte	conte	NOMcom	NOMB.=s|GENRE=m
indien	indien	ADJqua	NOMB.=s|GENRE=m
qui	qui	PROrel	MORPH=empty
renferme	renfermer	VERcjg	MODE=ind|TEMPS=pst|PERS.=3|NOMB.=s
plus	plus	ADVgen	MORPH=empty
de	de	PRE	MORPH=empty
vérités	vérité	NOMcom	NOMB.=p|GENRE=f
que	que	CONsub	MORPH=empty
bien	bien	ADVgen	MORPH=empty
des	un	DETndf	NOMB.=p|GENRE=f
histoires	histoire	NOMcom	NOMB.=p|GENRE=f
.	.	PONfrt	MORPH=empty
Je	je	PROper	PERS.=1|NOMB.=s|GENRE=x|CAS=n
l’	il	PROper	PERS.=3|NOMB.=s|GENRE=m|CAS=r
avois	avoir	VERcjg	MODE=ind|TEMPS=ipf|PERS.=1|NOMB.=s
destiné	destiner	VERppe	NOMB.=s|GENRE=m
à	à	PRE	MORPH=empty
augmenter	augmenter	VERinf	MORPH=empty
la	le	DETdef	NOMB.=s|GENRE=f
relation	relation	NOMcom	NOMB.=s|GENRE=f
d’	de	PRE	MORPH=empty
un	un	DETndf	NOMB.=s|GENRE=m
voyage	voyage	NOMcom	NOMB.=s|GENRE=m
à	à	PRE	MORPH=empty
l’	le	DETdef	NOMB.=s|GENRE=f
Ile	île	NOMpro	NOMB.=s|GENRE=f
de	de	PRE	MORPH=empty
France	France	NOMpro	NOMB.=s|GENRE=f
,	,	PONfbl	MORPH=empty
publiée	publier	VERppe	NOMB.=s|GENRE=f
en	en	PRE	MORPH=empty
1773	1773	PROcar	MORPH=empty
,	,	PONfbl	MORPH=empty
et	et	CONcoo	MORPH=empty
que	que	PROrel	MORPH=empty
je	je	PROper	PERS.=1|NOMB.=s|GENRE=x|CAS=n
me	je	PROper	PERS.=1|NOMB.=s|GENRE=x|CAS=r
propose	proposer	VERcjg	MODE=ind|TEMPS=pst|PERS.=1|NOMB.=s
de	de	PRE	MORPH=empty
faire	faire	VERinf	MORPH=empty
réimprimer	réimprimer	VERinf	MORPH=empty
avec	avec	PRE	MORPH=empty
des	un	DETndf	NOMB.=p|GENRE=f
additions	addition	NOMcom	NOMB.=p|GENRE=f
.	.	PONfrt	MORPH=empty
Comme	comme	CONsub	MORPH=empty
j’	je	PROper	PERS.=1|NOMB.=s|GENRE=x|CAS=n
y	y	PROadv	MORPH=empty
parle	parler	VERcjg	MODE=ind|TEMPS=pst|PERS.=1|NOMB.=s
des	de_le	DETndf	NOMB.=p|GENRE=m
Indiens	indien	NOMpro	NOMB.=p|GENRE=m
qui	qui	PROrel	MORPH=empty
sont	être	VERcjg	MODE=ind|TEMPS=pst|PERS.=3|NOMB.=p
dans	dans	PRE	MORPH=empty
cette	ce	DETdem	NOMB.=s|GENRE=f
île	île	NOMcom	NOMB.=s|GENRE=f
,	,	PONfbl	MORPH=empty
j’	je	PROper	PERS.=1|NOMB.=s|GENRE=x|CAS=n
avois	avoir	VERcjg	MODE=ind|TEMPS=ipf|PERS.=1|NOMB.=s
voulu	vouloir	VERppe	NOMB.=s|GENRE=m
y	y	PROadv	MORPH=empty
joindre	joindre	VERinf	MORPH=empty
un	un	DETndf	NOMB.=s|GENRE=m
tableau	tableau	NOMcom	NOMB.=s|GENRE=m
des	de_le	PRE.DETdef	NOMB.=p|GENRE=f
mœurs	mœurs	NOMcom	NOMB.=p|GENRE=f
de	de	PRE	MORPH=empty
ceux	celui	PROdem	NOMB.=p|GENRE=m
qui	qui	PROrel	MORPH=empty
sont	être	VERcjg	MODE=ind|TEMPS=pst|PERS.=3|NOMB.=p
dans	dans	PRE	MORPH=empty
l’	le	DETdef	NOMB.=s|GENRE=f
Inde	Inde	NOMpro	NOMB.=s|GENRE=f
,	,	PONfbl	MORPH=empty
d’	de	PRE	MORPH=empty
après	après	PRE	MORPH=empty
des	un	DETndf	NOMB.=p|GENRE=f
notes	note	NOMcom	NOMB.=p|GENRE=f
assez	assez	ADVgen	MORPH=empty
intéressantes	intéresser	VERppa	NOMB.=p|GENRE=f
que	que	CONsub	MORPH=empty
je	je	PROper	PERS.=1|NOMB.=s|GENRE=x|CAS=n
m’	je	PROper	PERS.=1|NOMB.=s|GENRE=x|CAS=r
étois	être	VERcjg	MODE=ind|TEMPS=ipf|PERS.=1|NOMB.=s
procurées	procurer	VERppe	NOMB.=p|GENRE=f
.	.	PONfrt	MORPH=empty
J’	je	PROper	PERS.=1|NOMB.=s|GENRE=x|CAS=n
en	en	PROadv	MORPH=empty
avois	avoir	VERcjg	MODE=ind|TEMPS=ipf|PERS.=1|NOMB.=s
donc	donc	ADVgen	MORPH=empty
formé	former	VERppe	NOMB.=s|GENRE=m
un	un	DETndf	NOMB.=s|GENRE=m
épisode	épisode	NOMcom	NOMB.=s|GENRE=m
que	que	PROrel	MORPH=empty
j’	je	PROper	PERS.=1|NOMB.=s|GENRE=x|CAS=n
avois	avoir	VERcjg	MODE=ind|TEMPS=ipf|PERS.=1|NOMB.=s
lié	lier	VERppe	NOMB.=s|GENRE=m
à	à	PRE	MORPH=empty
une	un	DETndf	NOMB.=s|GENRE=f
anecdocte	anecdote	NOMcom	NOMB.=s|GENRE=f
historique	historique	ADJqua	NOMB.=s|GENRE=f
qui	qui	PROrel	MORPH=empty
en	en	PROadv	MORPH=empty
fait	faire	VERcjg	MODE=ind|TEMPS=pst|PERS.=3|NOMB.=s
le	le	DETdef	NOMB.=s|GENRE=m
commencement	commencement	NOMcom	NOMB.=s|GENRE=m
.	.	PONfrt	MORPH=empty
C'	ce	PROdem	NOMB.=s|GENRE=n
est	être	VERcjg	MODE=ind|TEMPS=pst|PERS.=3|NOMB.=s
à	à	PRE	MORPH=empty
l’	le	DETdef	NOMB.=s|GENRE=f
occasion	occasion	NOMcom	NOMB.=s|GENRE=f
d’	de	PRE	MORPH=empty
une	un	DETndf	NOMB.=s|GENRE=f
compagnie	compagnie	NOMcom	NOMB.=s|GENRE=f
de	de	PRE	MORPH=empty
savans	savant	NOMcom	NOMB.=p|GENRE=m
anglois	anglais	ADJqua	NOMB.=p|GENRE=m
,	,	PONfbl	MORPH=empty
envoyés	envoyer	VERppe	NOMB.=p|GENRE=m
il	il	PROimp	PERS.=3|NOMB.=s|GENRE=x|CAS=n
y	y	PROadv	MORPH=empty
a	avoir	VERcjg	MODE=ind|TEMPS=pst|PERS.=3|NOMB.=s
une	un	DETndf	NOMB.=s|GENRE=f
trentaine	trentaine	NOMcom	NOMB.=s|GENRE=f
d’	de	PRE	MORPH=empty
années	année	NOMcom	NOMB.=p|GENRE=f
,	,	PONfbl	MORPH=empty
dans	dans	PRE	MORPH=empty
diverses	divers	DETind	NOMB.=p|GENRE=f
parties	partie	NOMcom	NOMB.=p|GENRE=f
du	de_le	PRE.DETdef	NOMB.=s|GENRE=m
monde	monde	NOMcom	NOMB.=s|GENRE=m
,	,	PONfbl	MORPH=empty
pour	pour	PRE	MORPH=empty
y	y	PROadv	MORPH=empty
recueillir	recueillir	VERinf	MORPH=empty
des	un	DETndf	NOMB.=p|GENRE=f
lumières	lumière	NOMcom	NOMB.=p|GENRE=f
sur	sur	PRE	MORPH=empty
plusieurs	plusieurs	DETind	NOMB.=p|GENRE=m
objets	objet	NOMcom	NOMB.=p|GENRE=m
des	de_le	PRE.DETdef	NOMB.=p|GENRE=f
sciences	science	NOMcom	NOMB.=p|GENRE=f
.	.	PONfrt	MORPH=empty
J’	je	PROper	PERS.=1|NOMB.=s|GENRE=x|CAS=n
y	y	PROadv	MORPH=empty
parle	parler	VERcjg	MODE=ind|TEMPS=pst|PERS.=1|NOMB.=s
d’	de	PRE	MORPH=empty
un	un	PROind	NOMB.=s|GENRE=m
d’	de	PRE	MORPH=empty
entre	entre	PRE	MORPH=empty
eux	il	PROper	PERS.=3|NOMB.=p|GENRE=m|CAS=i
,	,	PONfbl	MORPH=empty
qui	qui	PROrel	MORPH=empty
vint	venir	VERcjg	MODE=ind|TEMPS=psp|PERS.=3|NOMB.=s
aux	à_le	PRE.DETdef	NOMB.=p|GENRE=f
Indes	Inde	NOMpro	NOMB.=p|GENRE=f
pour	pour	PRE	MORPH=empty
concourir	concourir	VERinf	MORPH=empty
aux	à_le	PRE.DETdef	NOMB.=p|GENRE=m
progrès	progrès	NOMcom	NOMB.=p|GENRE=m
de	de	PRE	MORPH=empty
la	le	DETdef	NOMB.=s|GENRE=f
vérité	vérité	NOMcom	NOMB.=s|GENRE=f
;	;	PONfbl	MORPH=empty
mais	mais	CONcoo	MORPH=empty
comme	comme	CONsub	MORPH=empty
cet	ce	DETdem	NOMB.=s|GENRE=m
épisode	épisode	NOMcom	NOMB.=s|GENRE=m
formoit	former	VERcjg	MODE=ind|TEMPS=ipf|PERS.=3|NOMB.=s
un	un	DETndf	NOMB.=s|GENRE=m
hors	hors	ADVgen	MORPH=empty
-	-	PONfbl	MORPH=empty
d’	de	PRE	MORPH=empty
œuvre	œuvre	NOMcom	NOMB.=s|GENRE=f
dans	dans	PRE	MORPH=empty
mon	mon	DETpos	PERS.=1|NOMB.=s|GENRE=m
ouvrage	ouvrage	NOMcom	NOMB.=s|GENRE=m
,	,	PONfbl	MORPH=empty
j’	je	PROper	PERS.=1|NOMB.=s|GENRE=x|CAS=n
ai	avoir	VERcjg	MODE=ind|TEMPS=pst|PERS.=1|NOMB.=s
jugé	juger	VERppe	NOMB.=s|GENRE=m
à	à	PRE	MORPH=empty
propos	propos	NOMcom	NOMB.=s|GENRE=m
de	de	PRE	MORPH=empty
le	il	PROper	PERS.=3|NOMB.=s|GENRE=m|CAS=r
publier	publier	VERinf	MORPH=empty
séparément	séparément	ADVgen	MORPH=empty
.	.	PONfrt	MORPH=empty
Je	je	PROper	PERS.=1|NOMB.=s|GENRE=x|CAS=n
proteste	protester	VERcjg	MODE=ind|TEMPS=pst|PERS.=1|NOMB.=s
ici	ici	ADVgen	MORPH=empty
que	que	CONsub	MORPH=empty
je	je	PROper	PERS.=1|NOMB.=s|GENRE=x|CAS=n
n’	ne	ADVneg	MORPH=empty
ai	avoir	VERcjg	MODE=ind|TEMPS=pst|PERS.=1|NOMB.=s
eu	avoir	VERppe	NOMB.=s|GENRE=m
aucune	aucun	DETind	NOMB.=s|GENRE=f
intention	intention	NOMcom	NOMB.=s|GENRE=f
de	de	PRE	MORPH=empty
jeter	jeter	VERinf	MORPH=empty
quelque	quelque	DETind	NOMB.=s|GENRE=m
ridicule	ridicule	NOMcom	NOMB.=s|GENRE=m
sur	sur	PRE	MORPH=empty
les	le	DETdef	NOMB.=p|GENRE=f
académies	académie	NOMcom	NOMB.=p|GENRE=f
,	,	PONfbl	MORPH=empty
quoique	quoique	CONsub	MORPH=empty
j’	je	PROper	PERS.=1|NOMB.=s|GENRE=x|CAS=n
aie	avoir	VERcjg	MODE=sub|TEMPS=pst|PERS.=1|NOMB.=s
beaucoup	beaucoup	ADVgen	MORPH=empty
à	à	PRE	MORPH=empty
m’	je	PROper	PERS.=1|NOMB.=s|GENRE=x|CAS=r
en	en	PROadv	MORPH=empty
plaindre	plaindre	VERinf	MORPH=empty
,	,	PONfbl	MORPH=empty
non	non	ADVgen	MORPH=empty
par	par	PRE	MORPH=empty
rapport	rapport	NOMcom	NOMB.=s|GENRE=m
à	à	PRE	MORPH=empty
ma	mon	DETpos	PERS.=1|NOMB.=s|GENRE=f
personne	personne	NOMcom	NOMB.=s|GENRE=f
,	,	PONfbl	MORPH=empty
mais	mais	CONcoo	MORPH=empty
à	à	PRE	MORPH=empty
cause	cause	NOMcom	NOMB.=s|GENRE=f
des	de_le	PRE.DETdef	NOMB.=p|GENRE=m
intérêts	intérêt	NOMcom	NOMB.=p|GENRE=m
de	de	PRE	MORPH=empty
la	le	DETdef	NOMB.=s|GENRE=f
vérité	vérité	NOMcom	NOMB.=s|GENRE=f
*	*	NOMpro	MORPH=empty
,	,	PONfbl	MORPH=empty
qu’	que	PROrel	MORPH=empty
ils	il	PROper	PERS.=3|NOMB.=p|GENRE=m|CAS=n
persécutent	persécuter	VERcjg	MODE=ind|TEMPS=pst|PERS.=3|NOMB.=p
souvent	souvent	ADVgen	MORPH=empty
,	,	PONfbl	MORPH=empty
quand	quand	CONsub	MORPH=empty
elle	il	PROper	PERS.=3|NOMB.=s|GENRE=f|CAS=n
contrarie	contrarier	VERcjg	MODE=ind|TEMPS=pst|PERS.=3|NOMB.=s
leurs	leur	DETpos	PERS.=3|NOMB.=p|GENRE=m
systêmes	système	NOMcom	NOMB.=p|GENRE=m
.	.	PONfrt	MORPH=empty
Je	je	PROper	PERS.=1|NOMB.=s|GENRE=x|CAS=n
suis	être	VERcjg	MODE=ind|TEMPS=pst|PERS.=1|NOMB.=s
d’	de	PRE	MORPH=empty
ailleurs	ailleurs	ADVgen	MORPH=empty
trop	trop	ADVgen	MORPH=empty
redevable	redevable	ADJqua	NOMB.=s|GENRE=x
à	à	PRE	MORPH=empty
plusieurs	plusieurs	DETind	NOMB.=p|GENRE=m
savans	savant	NOMcom	NOMB.=p|GENRE=m
anglois	anglais	ADJqua	NOMB.=p|GENRE=m
qui	qui	PROrel	MORPH=empty
,	,	PONfbl	MORPH=empty
sans	sans	PRE	MORPH=empty
me	je	PROper	PERS.=1|NOMB.=s|GENRE=x|CAS=r
connoître	connaître	VERinf	MORPH=empty
et	et	CONcoo	MORPH=empty
par	par	PRE	MORPH=empty
le	le	DETdef	NOMB.=s|GENRE=m
seul	seul	ADJqua	NOMB.=s|GENRE=m
amour	amour	NOMcom	NOMB.=s|GENRE=m
des	de_le	PRE.DETdef	NOMB.=p|GENRE=f
sciences	science	NOMcom	NOMB.=p|GENRE=f
,	,	PONfbl	MORPH=empty
ont	avoir	VERcjg	MODE=ind|TEMPS=pst|PERS.=3|NOMB.=p
honoré	honorer	VERppe	NOMB.=s|GENRE=m
mes	mon	DETpos	PERS.=1|NOMB.=s|GENRE=f
Etudes	étude	NOMpro	NOMB.=p|GENRE=f
de	de	PRE	MORPH=empty
la	le	DETdef	NOMB.=s|GENRE=f
Nature	nature	NOMpro	NOMB.=s|GENRE=f
de	de	PRE	MORPH=empty
leurs	leur	DETpos	PERS.=3|NOMB.=p|GENRE=m
plus	plus	ADVgen	MORPH=empty
glorieux	glorieux	ADJqua	NOMB.=p|GENRE=m
suffrages	suffrage	NOMcom	NOMB.=p|GENRE=m
,	,	PONfbl	MORPH=empty
qu’	que	PROrel	MORPH=empty
ils	il	PROper	PERS.=3|NOMB.=p|GENRE=m|CAS=n
n’	ne	ADVneg	MORPH=empty
ont	avoir	VERcjg	MODE=ind|TEMPS=pst|PERS.=3|NOMB.=p
pas	pas	ADVgen	MORPH=empty
craint	craindre	VERppe	NOMB.=s|GENRE=m
de	de	PRE	MORPH=empty
publier	publier	VERinf	MORPH=empty
,	,	PONfbl	MORPH=empty
comme	comme	CONsub	MORPH=empty
on	on	PROind	PERS.=3|NOMB.=s|GENRE=x|CAS=n
peut	pouvoir	VERcjg	MODE=ind|TEMPS=pst|PERS.=3|NOMB.=s
le	il	PROper	PERS.=3|NOMB.=s|GENRE=m|CAS=r
voir	voir	VERinf	MORPH=empty
entre	entre	PRE	MORPH=empty
autres	autre	PROind	NOMB.=p|GENRE=x
dans	dans	PRE	MORPH=empty
un	un	DETndf	NOMB.=s|GENRE=m
extrait	extrait	NOMcom	NOMB.=s|GENRE=m
de	de	PRE	MORPH=empty
leurs	leur	DETpos	PERS.=3|NOMB.=p|GENRE=m
journaux	journal	NOMcom	NOMB.=p|GENRE=m
,	,	PONfbl	MORPH=empty
rapporté	rapporter	VERppe	NOMB.=s|GENRE=m
par	par	PRE	MORPH=empty
le	le	DETdef	NOMB.=s|GENRE=m
Moniteur	moniteur	NOMpro	NOMB.=s|GENRE=m
François	François	NOMpro	NOMB.=s|GENRE=m
,	,	PONfbl	MORPH=empty
le	le	DETdef	NOMB.=s|GENRE=m
9	9	PROcar	MORPH=empty
février	février	NOMcom	NOMB.=s|GENRE=m
1790	1790	PROcar	MORPH=empty
.	.	PONfrt	MORPH=empty
Le	le	DETdef	NOMB.=s|GENRE=m
caractère	caractère	NOMcom	NOMB.=s|GENRE=m
que	que	PROrel	MORPH=empty
j’	je	PROper	PERS.=1|NOMB.=s|GENRE=x|CAS=n
ai	avoir	VERcjg	MODE=ind|TEMPS=pst|PERS.=1|NOMB.=s
donné	donner	VERppe	NOMB.=s|GENRE=m
à	à	PRE	MORPH=empty
un	un	PROind	NOMB.=s|GENRE=m
de	de	PRE	MORPH=empty
leurs	leur	DETpos	PERS.=3|NOMB.=p|GENRE=m
confrères	confrère	NOMcom	NOMB.=p|GENRE=m
,	,	PONfbl	MORPH=empty
est	être	VERcjg	MODE=ind|TEMPS=pst|PERS.=3|NOMB.=s
une	un	DETndf	NOMB.=s|GENRE=f
preuve	preuve	NOMcom	NOMB.=s|GENRE=f
non	non	ADVgen	MORPH=empty
équivoque	équivoque	ADJqua	NOMB.=s|GENRE=f
de	de	PRE	MORPH=empty
mon	mon	DETpos	PERS.=1|NOMB.=s|GENRE=f
estime	estime	NOMcom	NOMB.=s|GENRE=f
pour	pour	PRE	MORPH=empty
eux	il	PROper	PERS.=3|NOMB.=p|GENRE=m|CAS=i
.	.	PONfrt	MORPH=empty
Certainement	certainement	ADVgen	MORPH=empty
j’	je	PROper	PERS.=1|NOMB.=s|GENRE=x|CAS=n
ai	avoir	VERcjg	MODE=ind|TEMPS=pst|PERS.=1|NOMB.=s
dû	devoir	VERppe	NOMB.=s|GENRE=m
regarder	regarder	VERinf	MORPH=empty
comme	comme	CONsub	MORPH=empty
une	un	DETndf	NOMB.=s|GENRE=f
démarche	démarche	NOMcom	NOMB.=s|GENRE=f
qui	qui	PROrel	MORPH=empty
mérite	mériter	VERcjg	MODE=ind|TEMPS=pst|PERS.=3|NOMB.=s
toute	tout	DETind	NOMB.=s|GENRE=f
la	le	DETdef	NOMB.=s|GENRE=f
reconnoissance	reconnaissance	NOMcom	NOMB.=s|GENRE=f
de	de	PRE	MORPH=empty
leur	leur	DETpos	PERS.=3|NOMB.=p|GENRE=f
nation	nation	NOMcom	NOMB.=s|GENRE=f
,	,	PONfbl	MORPH=empty
d’	de	PRE	MORPH=empty
avoir	avoir	VERinf	MORPH=empty
cherché	chercher	VERppe	NOMB.=s|GENRE=m
à	à	PRE	MORPH=empty
importer	importer	VERinf	MORPH=empty
des	un	DETndf	NOMB.=p|GENRE=f
lumières	lumière	NOMcom	NOMB.=p|GENRE=f
des	de_le	PRE.DETdef	NOMB.=p|GENRE=m
pays	pays	NOMcom	NOMB.=p|GENRE=m
étrangers	étranger	ADJqua	NOMB.=p|GENRE=m
en	en	PRE	MORPH=empty
Angleterre	Angleterre	NOMpro	NOMB.=s|GENRE=f
,	,	PONfbl	MORPH=empty
ainsi	ainsi	ADVgen	MORPH=empty
que	que	CONsub	MORPH=empty
je	je	PROper	PERS.=1|NOMB.=s|GENRE=x|CAS=n
considère	considérer	VERcjg	MODE=ind|TEMPS=pst|PERS.=1|NOMB.=s
celle	celui	PROdem	NOMB.=s|GENRE=f
d’	de	PRE	MORPH=empty
en	en	PROadv	MORPH=empty
avoir	avoir	VERinf	MORPH=empty
exporté	exporter	VERppe	NOMB.=s|GENRE=m
d’	de	PRE	MORPH=empty
Angleterre	Angleterre	NOMpro	NOMB.=s|GENRE=f
dans	dans	PRE	MORPH=empty
des	un	DETndf	NOMB.=p|GENRE=m
pays	pays	NOMcom	NOMB.=p|GENRE=m
sauvages	sauvage	ADJqua	NOMB.=p|GENRE=m
,	,	PONfbl	MORPH=empty
par	par	PRE	MORPH=empty
les	le	DETdef	NOMB.=p|GENRE=m
voyages	voyage	NOMcom	NOMB.=p|GENRE=m
de	de	PRE	MORPH=empty
Cook	Cook	NOMpro	NOMB.=s|GENRE=m
et	et	CONcoo	MORPH=empty
de	de	PRE	MORPH=empty
Banck	Banks	NOMpro	NOMB.=s|GENRE=m
,	,	PONfbl	MORPH=empty
comme	comme	CONsub	MORPH=empty
digne	digne	ADJqua	NOMB.=s|GENRE=x
de	de	PRE	MORPH=empty
toute	tout	DETind	NOMB.=s|GENRE=f
celle	celui	PROdem	NOMB.=s|GENRE=f
du	de_le	PRE.DETdef	NOMB.=s|GENRE=m
genre	genre	NOMcom	NOMB.=s|GENRE=m
humain	humain	ADJqua	NOMB.=s|GENRE=m
.	.	PONfrt	MORPH=empty
La	le	DETdef	NOMB.=s|GENRE=f
première	première	PROord	NOMB.=s|GENRE=f
a	avoir	VERcjg	MODE=ind|TEMPS=pst|PERS.=3|NOMB.=s
été	être	VERppe	NOMB.=s|GENRE=m
imitée	imiter	VERppe	NOMB.=s|GENRE=f
depuis	depuis	PRE	MORPH=empty
par	par	PRE	MORPH=empty
le	le	DETdef	NOMB.=s|GENRE=m
Danemarck	Danemark	NOMpro	NOMB.=s|GENRE=m
,	,	PONfbl	MORPH=empty
et	et	CONcoo	MORPH=empty
la	le	DETdef	NOMB.=s|GENRE=f
seconde	second	PROord	NOMB.=s|GENRE=f
par	par	PRE	MORPH=empty
la	le	DETdef	NOMB.=s|GENRE=f
France	France	NOMpro	NOMB.=s|GENRE=f
*	*	CONcoo	MORPH=empty
;	;	PONfbl	MORPH=empty
mais	mais	CONcoo	MORPH=empty
toutes	tout	DETind	NOMB.=p|GENRE=f
deux	deux	PROcar	MORPH=empty
bien	bien	ADVgen	MORPH=empty
malheureusement	malheureusement	ADVgen	MORPH=empty
,	,	PONfbl	MORPH=empty
puisque	puisque	CONsub	MORPH=empty
de	de	PRE	MORPH=empty
douze	douze	DETcar	MORPH=emptyv
savans	savant	ADJqua	NOMB.=p|GENRE=m
voyageurs	voyageur	NOMcom	NOMB.=p|GENRE=m
danois	danois	ADJqua	NOMB.=p|GENRE=m
,	,	PONfbl	MORPH=empty
il	il	PROimp	PERS.=3|NOMB.=s|GENRE=x|CAS=n
n’	ne	ADVneg	MORPH=empty
en	en	PROadv	MORPH=empty
est	être	VERcjg	MODE=ind|TEMPS=pst|PERS.=3|NOMB.=s
revenu	revenir	VERppe	NOMB.=s|GENRE=m
qu’	que	ADVgen	MORPH=empty
un	un	DETndf	NOMB.=s|GENRE=m
seul	seul	NOMcom	NOMB.=s|GENRE=m
dans	dans	PRE	MORPH=empty
sa	son	DETpos	PERS.=3|NOMB.=s|GENRE=f
patrie	patrie	NOMcom	NOMB.=s|GENRE=f
,	,	PONfbl	MORPH=empty
et	et	CONcoo	MORPH=empty
que	que	CONsub	MORPH=empty
l’	le	DETdef	NOMB.=s|GENRE=x
on	on	PROind	PERS.=3|NOMB.=s|GENRE=x|CAS=n
n’	ne	ADVneg	MORPH=empty
a	avoir	VERcjg	MODE=ind|TEMPS=pst|PERS.=3|NOMB.=s
aucune	aucun	DETind	NOMB.=s|GENRE=f
nouvelle	nouvelle	NOMcom	NOMB.=s|GENRE=f
des	de_le	PRE.DETdef	NOMB.=p|GENRE=m
deux	deux	ADJcar	MORPH=empty
vaisseaux	vaisseau	NOMcom	NOMB.=p|GENRE=m
de	de	PRE	MORPH=empty
guerre	guerre	NOMcom	NOMB.=s|GENRE=f
francois	français	ADJqua	NOMB.=p|GENRE=m
,	,	PONfbl	MORPH=empty
employés	employer	VERppe	NOMB.=p|GENRE=m
à	à	PRE	MORPH=empty
cette	ce	DETdem	NOMB.=s|GENRE=f
mission	mission	NOMcom	NOMB.=s|GENRE=f
d’	de	PRE	MORPH=empty
humanité	humanité	NOMcom	NOMB.=s|GENRE=f
,	,	PONfbl	MORPH=empty
et	et	CONcoo	MORPH=empty
commandés	commander	VERppe	NOMB.=p|GENRE=m
par	par	PRE	MORPH=empty
l’	le	DETdef	NOMB.=s|GENRE=m
infortuné	infortuné	NOMcom	NOMB.=s|GENRE=m
de	de	PRE	MORPH=empty
la	le	DETdef	NOMB.=s|GENRE=f
Peirouse	Pérouse	NOMpro	NOMB.=s|GENRE=m
.	.	PONfrt	MORPH=empty
Ce	ce	PROdem	NOMB.=s|GENRE=n
n’	ne	ADVneg	MORPH=empty
est	être	VERcjg	MODE=ind|TEMPS=pst|PERS.=3|NOMB.=s
donc	donc	ADVgen	MORPH=empty
point	point	ADVgen	MORPH=empty
la	le	DETdef	NOMB.=s|GENRE=f
science	science	NOMcom	NOMB.=s|GENRE=f
en	en	PRE	MORPH=empty
elle	il	PROper	PERS.=3|NOMB.=s|GENRE=f|CAS=n
-même	même	ADJind	NOMB.=s|GENRE=f
que	que	CONsub	MORPH=empty
je	je	PROper	PERS.=1|NOMB.=s|GENRE=x|CAS=n
blâme	blâmer	VERcjg	MODE=ind|TEMPS=pst|PERS.=1|NOMB.=s
;	;	PONfbl	MORPH=empty
mais	mais	CONcoo	MORPH=empty
j’	je	PROper	PERS.=1|NOMB.=s|GENRE=x|CAS=n
ai	avoir	VERcjg	MODE=ind|TEMPS=pst|PERS.=1|NOMB.=s
voulu	vouloir	VERppe	NOMB.=s|GENRE=m
faire	faire	VERinf	MORPH=empty
voir	voir	VERinf	MORPH=empty
que	que	CONsub	MORPH=empty
les	le	DETdef	NOMB.=p|GENRE=m
corps	corps	NOMcom	NOMB.=p|GENRE=m
savans	savant	ADJqua	NOMB.=p|GENRE=m
,	,	PONfbl	MORPH=empty
par	par	PRE	MORPH=empty
leur	leur	DETpos	PERS.=3|NOMB.=p|GENRE=f
ambition	ambition	NOMcom	NOMB.=s|GENRE=f
,	,	PONfbl	MORPH=empty
leur	leur	DETpos	PERS.=3|NOMB.=p|GENRE=f
jalousie	jalousie	NOMcom	NOMB.=s|GENRE=f
et	et	CONcoo	MORPH=empty
leurs	leur	DETpos	PERS.=3|NOMB.=p|GENRE=m
préjugés	préjugé	NOMcom	NOMB.=p|GENRE=m
,	,	PONfbl	MORPH=empty
ne	ne	ADVneg	MORPH=empty
servent	servir	VERcjg	MODE=ind|TEMPS=pst|PERS.=3|NOMB.=p
que	que	ADVgen	MORPH=empty
trop	trop	ADVgen	MORPH=empty
souvent	souvent	ADVgen	MORPH=empty
d’	de	PRE	MORPH=empty
obstacles	obstacle	NOMcom	NOMB.=p|GENRE=m
à	à	PRE	MORPH=empty
ses	son	DETpos	PERS.=3|NOMB.=s|GENRE=m
progrès	progrès	NOMcom	NOMB.=p|GENRE=m
.	.	PONfrt	MORPH=empty
Je	je	PROper	PERS.=1|NOMB.=s|GENRE=x|CAS=n
me	je	PROper	PERS.=1|NOMB.=s|GENRE=x|CAS=r
suis	être	VERcjg	MODE=ind|TEMPS=pst|PERS.=1|NOMB.=s
proposé	proposer	VERppe	NOMB.=s|GENRE=m
un	un	DETndf	NOMB.=s|GENRE=m
but	but	NOMcom	NOMB.=s|GENRE=m
encore	encore	ADVgen	MORPH=empty
plus	plus	ADVgen	MORPH=empty
utile	utile	ADJqua	NOMB.=s|GENRE=m
,	,	PONfbl	MORPH=empty
c’	ce	PROdem	NOMB.=s|GENRE=n
est	être	VERcjg	MODE=ind|TEMPS=pst|PERS.=3|NOMB.=s
de	de	PRE	MORPH=empty
remédier	remédier	VERinf	MORPH=empty
aux	à_le	PRE.DETdef	NOMB.=p|GENRE=m
maux	mal	NOMcom	NOMB.=p|GENRE=m
dont	dont	PROrel	NOMB.=x|GENRE=x|CAS=i
l’	le	DETdef	NOMB.=s|GENRE=f
humanité	humanité	NOMcom	NOMB.=s|GENRE=f
est	être	VERcjg	MODE=ind|TEMPS=pst|PERS.=3|NOMB.=s
affligée	affliger	VERppe	NOMB.=s|GENRE=f
aux	à_le	PRE.DETdef	NOMB.=p|GENRE=f
Indes	Inde	NOMpro	NOMB.=p|GENRE=f
.	.	PONfrt	MORPH=empty
Ma	mon	DETpos	PERS.=1|NOMB.=s|GENRE=f
devise	devise	NOMcom	NOMB.=s|GENRE=f
est	être	VERcjg	MODE=ind|TEMPS=pst|PERS.=3|NOMB.=s
de	de	PRE	MORPH=empty
secourir	secourir	VERinf	MORPH=empty
les	le	DETdef	NOMB.=p|GENRE=m
malheureux	malheureux	NOMcom	NOMB.=p|GENRE=m
,	,	PONfbl	MORPH=empty
et	et	CONcoo	MORPH=empty
j’	je	PROper	PERS.=1|NOMB.=s|GENRE=x|CAS=n
étends	étendre	VERcjg	MODE=ind|TEMPS=pst|PERS.=1|NOMB.=s
ce	ce	DETdem	NOMB.=s|GENRE=m
sentiment	sentiment	NOMcom	NOMB.=s|GENRE=m
à	à	PRE	MORPH=empty
tous	tout	DETind	NOMB.=p|GENRE=m
les	le	DETdef	NOMB.=p|GENRE=m
hommes	homme	NOMcom	NOMB.=p|GENRE=m
.	.	PONfrt	MORPH=empty
Si	si	CONsub	MORPH=empty
la	le	DETdef	NOMB.=s|GENRE=f
philosophie	philosophie	NOMcom	NOMB.=s|GENRE=f
est	être	VERcjg	MODE=ind|TEMPS=pst|PERS.=3|NOMB.=s
venue	venir	VERppe	NOMB.=s|GENRE=f
autrefois	autrefois	ADVgen	MORPH=empty
des	de_le	PRE.DETdef	NOMB.=p|GENRE=f
Indes	Inde	NOMpro	NOMB.=p|GENRE=f
en	en	PRE	MORPH=empty
Europe	Europe	NOMpro	NOMB.=s|GENRE=f
,	,	PONfbl	MORPH=empty
pourquoi	pourquoi	ADVint	MORPH=empty
ne	ne	ADVneg	MORPH=empty
retourneroit	retourner	VERcjg	MODE=con|PERS.=3|NOMB.=s
-elle	il	PROper	PERS.=3|NOMB.=s|GENRE=f|CAS=n
pas	pas	ADVgen	MORPH=empty
aujourd’hui	aujourd'hui	ADVgen	MORPH=empty
de	de	PRE	MORPH=empty
l’	le	DETdef	NOMB.=s|GENRE=f
Europe	Europe	NOMpro	NOMB.=s|GENRE=f
civilisée	civiliser	VERppe	NOMB.=s|GENRE=f
aux	à_le	PRE.DETdef	NOMB.=p|GENRE=f
Indes	Inde	NOMpro	NOMB.=p|GENRE=f
devenues	devenir	VERppe	NOMB.=p|GENRE=f
barbares	barbare	ADJqua	NOMB.=p|GENRE=f
à	à	PRE	MORPH=empty
leur	leur	DETpos	PERS.=3|NOMB.=p|GENRE=m
tour	tour	NOMcom	NOMB.=s|GENRE=m
?	?	PONfrt	MORPH=empty
Il	il	PROimp	PERS.=3|NOMB.=s|GENRE=x|CAS=n
vient	venir	VERcjg	MODE=ind|TEMPS=pst|PERS.=3|NOMB.=s
de	de	PRE	MORPH=empty
se	il	PROper	PERS.=3|NOMB.=s|GENRE=x|CAS=r
former	former	VERinf	MORPH=empty
à	à	PRE	MORPH=empty
Calcuta	Calcutta	NOMpro	NOMB.=s|GENRE=x
une	un	DETndf	NOMB.=s|GENRE=f
société	société	NOMcom	NOMB.=s|GENRE=f
de	de	PRE	MORPH=empty
savans	savant	NOMcom	NOMB.=p|GENRE=m
anglois	anglais	ADJqua	NOMB.=p|GENRE=m
qui	qui	PROrel	MORPH=empty
détruiront	détruire	VERcjg	MODE=ind|TEMPS=fut|PERS.=3|NOMB.=p
peut	pouvoir	VERcjg	MODE=ind|TEMPS=pst|PERS.=3|NOMB.=s
-	-	PONfbl	MORPH=empty
être	être	VERinf	MORPH=empty
un	un	DETndf	NOMB.=s|GENRE=m
jour	jour	NOMcom	NOMB.=s|GENRE=m
les	le	DETdef	NOMB.=p|GENRE=m
préjugés	préjugé	NOMcom	NOMB.=p|GENRE=m
de	de	PRE	MORPH=empty
l’	le	DETdef	NOMB.=s|GENRE=f
Inde	Inde	NOMpro	NOMB.=s|GENRE=f
,	,	PONfbl	MORPH=empty
et	et	CONcoo	MORPH=empty
par	par	PRE	MORPH=empty
ce	ce	DETdem	NOMB.=s|GENRE=m
bienfait	bienfait	NOMcom	NOMB.=s|GENRE=m
compenseront	compenser	VERcjg	MODE=ind|TEMPS=fut|PERS.=3|NOMB.=p
les	le	DETdef	NOMB.=p|GENRE=m
maux	mal	NOMcom	NOMB.=p|GENRE=m
qu’	que	PROrel	MORPH=empty
y	y	PROadv	MORPH=empty
ont	avoir	VERcjg	MODE=ind|TEMPS=pst|PERS.=3|NOMB.=p
apportés	apporter	VERppe	NOMB.=p|GENRE=m
les	le	DETdef	NOMB.=p|GENRE=f
guerres	guerre	NOMcom	NOMB.=p|GENRE=f
et	et	CONcoo	MORPH=empty
le	le	DETdef	NOMB.=s|GENRE=m
commerce	commerce	NOMcom	NOMB.=s|GENRE=m
des	de_le	PRE.DETdef	NOMB.=p|GENRE=m
Européens	européen	NOMpro	NOMB.=p|GENRE=m
.	.	PONfrt	MORPH=empty
Pour	pour	PRE	MORPH=empty
moi	je	PROper	PERS.=1|NOMB.=s|GENRE=x|CAS=i
qui	qui	PROrel	MORPH=empty
n’	ne	ADVneg	MORPH=empty
influe	influer	VERcjg	MODE=ind|TEMPS=pst|PERS.=1|NOMB.=s
sur	sur	PRE	MORPH=empty
rien	rien	PROind	NOMB.=s|GENRE=x
,	,	PONfbl	MORPH=empty
afin	afin	PRE	MORPH=empty
de	de	PRE	MORPH=empty
donner	donner	VERinf	MORPH=empty
plus	plus	ADVgen	MORPH=empty
de	de	PRE	MORPH=empty
faveur	faveur	NOMcom	NOMB.=s|GENRE=f
et	et	CONcoo	MORPH=empty
de	de	PRE	MORPH=empty
graces	grâce	NOMcom	NOMB.=p|GENRE=f
à	à	PRE	MORPH=empty
mes	mon	DETpos	PERS.=1|NOMB.=s|GENRE=m
argumens	argument	NOMcom	NOMB.=p|GENRE=m
,	,	PONfbl	MORPH=empty
j’	je	PROper	PERS.=1|NOMB.=s|GENRE=x|CAS=n
ai	avoir	VERcjg	MODE=ind|TEMPS=pst|PERS.=1|NOMB.=s
tâché	tâcher	VERppe	NOMB.=s|GENRE=m
de	de	PRE	MORPH=empty
les	il	PROper	PERS.=3|NOMB.=p|GENRE=m|CAS=r
revêtir	revêtir	VERinf	MORPH=empty
de	de	PRE	MORPH=empty
celles	celui	PROdem	NOMB.=p|GENRE=f
d’	de	PRE	MORPH=empty
un	un	DETndf	NOMB.=s|GENRE=m
conte	conte	NOMcom	NOMB.=s|GENRE=m
.	.	PONfrt	MORPH=empty
C'	ce	PROdem	NOMB.=s|GENRE=n
est	être	VERcjg	MODE=ind|TEMPS=pst|PERS.=3|NOMB.=s
avec	avec	PRE	MORPH=empty
des	un	DETndf	NOMB.=p|GENRE=m
contes	conte	NOMcom	NOMB.=p|GENRE=m
qu’	que	PROrel	MORPH=empty
on	on	PROind	PERS.=3|NOMB.=s|GENRE=x|CAS=n
rend	rendre	VERcjg	MODE=ind|TEMPS=pst|PERS.=3|NOMB.=s
partout	partout	ADVgen	MORPH=empty
les	le	DETdef	NOMB.=p|GENRE=m
hommes	homme	NOMcom	NOMB.=p|GENRE=m
attentifs	attentif	ADJqua	NOMB.=p|GENRE=m
à	à	PRE	MORPH=empty
la	le	DETdef	NOMB.=s|GENRE=f
vérité	vérité	NOMcom	NOMB.=s|GENRE=f
.	.	PONfrt	MORPH=empty
Nous	nous	PROper	PERS.=1|NOMB.=p|GENRE=x|CAS=n
sommes	être	VERcjg	MODE=ind|TEMPS=pst|PERS.=1|NOMB.=p
tous	tout	PROind	NOMB.=p|GENRE=m
d’	de	PRE	MORPH=empty
Athène	Athènes	NOMpro	NOMB.=s|GENRE=x
en	en	PRE	MORPH=empty
ce	ce	DETdem	NOMB.=s|GENRE=m
point	point	NOMcom	NOMB.=s|GENRE=m
;	;	PONfbl	MORPH=empty
et	et	CONcoo	MORPH=empty
moi	je	PROper	PERS.=1|NOMB.=s|GENRE=x|CAS=i
-même	même	ADJind	NOMB.=s|GENRE=x
,	,	PONfbl	MORPH=empty
Au	à_le	PRE.DETdef	NOMB.=s|GENRE=m
moment	moment	NOMcom	NOMB.=s|GENRE=m
que	que	PROrel	MORPH=empty
je	je	PROper	PERS.=1|NOMB.=s|GENRE=x|CAS=n
fais	faire	VERcjg	MODE=ind|TEMPS=pst|PERS.=1|NOMB.=s
cette	ce	DETdem	NOMB.=s|GENRE=f
moralité	moralité	NOMcom	NOMB.=s|GENRE=f
,	,	PONfbl	MORPH=empty
Si	si	CONsub	MORPH=empty
Peau	Peau	NOMpro	NOMB.=s|GENRE=x
-	-	PONfbl	MORPH=empty
d’	de	PRE	MORPH=empty
Ane	Âne	NOMpro	NOMB.=s|GENRE=x
m’	je	PROper	PERS.=1|NOMB.=s|GENRE=x|CAS=r
étoit	être	VERcjg	MODE=ind|TEMPS=ipf|PERS.=3|NOMB.=s
conté	conter	VERppe	NOMB.=s|GENRE=m
,	,	PONfbl	MORPH=empty
J’	je	PROper	PERS.=1|NOMB.=s|GENRE=x|CAS=n
y	y	PROadv	MORPH=empty
prendrois	prendre	VERcjg	MODE=con|PERS.=1|NOMB.=s
un	un	DETndf	NOMB.=s|GENRE=m
plaisir	plaisir	NOMcom	NOMB.=s|GENRE=m
extrême	extrême	ADJqua	NOMB.=s|GENRE=m
.	.	PONfrt	MORPH=empty
LA	le	NOMpro	NOMB.=s|GENRE=m
FONTAINE	fontaine	NOMpro	NOMB.=s|GENRE=m
.	.	PONfrt	MORPH=empty
Le	le	DETdef	NOMB.=s|GENRE=m
pouvoir	pouvoir	NOMcom	NOMB.=s|GENRE=m
des	de_le	PRE.DETdef	NOMB.=p|GENRE=f
fables	fable	NOMcom	NOMB.=p|GENRE=f
,	,	PONfbl	MORPH=empty
liv	livre	NOMcom	NOMB.=s|GENRE=m
.	.	PONfrt	MORPH=empty
8	8	ADJcar	MORPH=empty
,	,	PONfbl	MORPH=empty
fab	fable	NOMcom	NOMB.=s|GENRE=f
.	.	PONfrt	MORPH=empty
4	4	ADJcar	MORPH=empty
.	.	PONfrt	MORPH=empty
On	on	PROind	PERS.=3|NOMB.=s|GENRE=x|CAS=n
a	avoir	VERcjg	MODE=ind|TEMPS=pst|PERS.=3|NOMB.=s
dit	dire	VERppe	NOMB.=s|GENRE=m
avec	avec	PRE	MORPH=empty
plus	plus	ADVgen	MORPH=empty
d’	de	PRE	MORPH=empty
esprit	esprit	NOMcom	NOMB.=s|GENRE=m
que	que	CONsub	MORPH=empty
de	de	PRE	MORPH=empty
raison	raison	NOMcom	NOMB.=s|GENRE=f
,	,	PONfbl	MORPH=empty
que	que	CONsub	MORPH=empty
la	le	DETdef	NOMB.=s|GENRE=f
fable	fable	NOMcom	NOMB.=s|GENRE=f
étoit	être	VERcjg	MODE=ind|TEMPS=ipf|PERS.=3|NOMB.=s
née	naître	VERppe	NOMB.=s|GENRE=f
dans	dans	PRE	MORPH=empty
les	le	DETdef	NOMB.=p|GENRE=m
pays	pays	NOMcom	NOMB.=p|GENRE=m
despotiques	despotique	ADJqua	NOMB.=p|GENRE=m
de	de	PRE	MORPH=empty
l’	le	DETdef	NOMB.=s|GENRE=m
Orient	orient	NOMpro	NOMB.=s|GENRE=m
,	,	PONfbl	MORPH=empty
et	et	CONcoo	MORPH=empty
qu’	que	CONsub	MORPH=empty
on	on	PROind	PERS.=3|NOMB.=s|GENRE=x|CAS=n
y	y	PROadv	MORPH=empty
avoit	avoir	VERcjg	MODE=ind|TEMPS=ipf|PERS.=3|NOMB.=s
voilé	voiler	VERppe	NOMB.=s|GENRE=m
la	le	DETdef	NOMB.=s|GENRE=f
vérite	vérité	NOMcom	NOMB.=s|GENRE=f
,	,	PONfbl	MORPH=empty
afin	afin	ADVgen	MORPH=empty
qu’	que	CONsub	MORPH=empty
elle	il	PROper	PERS.=3|NOMB.=s|GENRE=f|CAS=n
pût	pouvoir	VERcjg	MODE=sub|TEMPS=ipf|PERS.=3|NOMB.=s
s’	il	PROper	PERS.=3|NOMB.=s|GENRE=f|CAS=r
approcher	approcher	VERinf	MORPH=empty
des	de_le	PRE.DETdef	NOMB.=p|GENRE=m
tyrans	tyran	NOMcom	NOMB.=p|GENRE=m
.	.	PONfrt	MORPH=empty
Mais	mais	CONcoo	MORPH=empty
je	je	PROper	PERS.=1|NOMB.=s|GENRE=x|CAS=n
demande	demander	VERcjg	MODE=ind|TEMPS=pst|PERS.=1|NOMB.=s
si	si	CONsub	MORPH=empty
un	un	DETndf	NOMB.=s|GENRE=m
Sultan	sultan	NOMpro	NOMB.=s|GENRE=m
ne	ne	ADVneg	MORPH=empty
se	il	PROper	PERS.=3|NOMB.=s|GENRE=m|CAS=r
trouveroit	trouver	VERcjg	MODE=con|PERS.=3|NOMB.=s
pas	pas	ADVgen	MORPH=empty
plus	plus	ADVgen	MORPH=empty
offensé	offenser	VERppe	NOMB.=s|GENRE=m
de	de	PRE	MORPH=empty
se	il	PROper	PERS.=3|NOMB.=s|GENRE=m|CAS=r
voir	voir	VERinf	MORPH=empty
peint	peindre	VERppe	NOMB.=s|GENRE=m
sous	sous	PRE	MORPH=empty
l’	le	DETdef	NOMB.=s|GENRE=m
emblême	emblème	NOMcom	NOMB.=s|GENRE=m
d’	de	PRE	MORPH=empty
un	un	DETndf	NOMB.=s|GENRE=m
chat	chat	NOMcom	NOMB.=s|GENRE=m
-	-	PONfbl	MORPH=empty
huant	huer	VERppa	NOMB.=x|GENRE=x
ou	ou	CONcoo	MORPH=empty
d’	de	PRE	MORPH=empty
un	un	DETndf	NOMB.=s|GENRE=m
léopard	léopard	NOMcom	NOMB.=s|GENRE=m
,	,	PONfbl	MORPH=empty
que	que	CONsub	MORPH=empty
d’	de	PRE	MORPH=empty
après	après	PRE	MORPH=empty
nature	nature	NOMcom	NOMB.=s|GENRE=f
;	;	PONfbl	MORPH=empty
et	et	CONcoo	MORPH=empty
si	si	CONsub	MORPH=empty
des	un	DETndf	NOMB.=p|GENRE=f
vérités	vérité	NOMcom	NOMB.=p|GENRE=f
de	de	PRE	MORPH=empty
réflexion	réflexion	NOMcom	NOMB.=s|GENRE=f
ne	ne	ADVneg	MORPH=empty
le	il	PROper	PERS.=3|NOMB.=s|GENRE=m|CAS=r
blesseroient	blesser	VERcjg	MODE=con|PERS.=3|NOMB.=p
pas	pas	ADVgen	MORPH=empty
pour	pour	PRE	MORPH=empty
le	le	DETdef	NOMB.=s|GENRE=m
moins	moins	NOMcom	NOMB.=s|GENRE=m
autant	autant	ADVgen	MORPH=empty
que	que	CONsub	MORPH=empty
des	un	DETndf	NOMB.=p|GENRE=f
vérités	vérité	NOMcom	NOMB.=p|GENRE=f
directes	direct	ADJqua	NOMB.=p|GENRE=f
?	?	PONfrt	MORPH=empty
Thomas	Thomas	NOMpro	NOMB.=s|GENRE=m
Rhoé	Rhoé	NOMpro	NOMB.=s|GENRE=x
,	,	PONfbl	MORPH=empty
ambasadeur	ambassadeur	NOMcom	NOMB.=s|GENRE=m
d’	de	PRE	MORPH=empty
Angleterre	Angleterre	NOMpro	NOMB.=s|GENRE=f
auprès	auprès	ADVgen	MORPH=empty
de	de	PRE	MORPH=empty
Sélim	Sélim	NOMpro	NOMB.=s|GENRE=x
-	-	PONfbl	MORPH=empty
Cha	Cha	NOMpro	NOMB.=s|GENRE=x
,	,	PONfbl	MORPH=empty
empereur	empereur	NOMcom	NOMB.=s|GENRE=m
du	de_le	PRE.DETdef	NOMB.=s|GENRE=m
Mogol	Moghol	NOMpro	NOMB.=s|GENRE=m
,	,	PONfbl	MORPH=empty
rapporte	rapporter	VERcjg	MODE=ind|TEMPS=pst|PERS.=3|NOMB.=s
que	que	CONsub	MORPH=empty
ce	ce	DETdem	NOMB.=s|GENRE=m
prince	prince	NOMcom	NOMB.=s|GENRE=m
très	très	ADVgen	MORPH=empty
-	-	PONfbl	MORPH=empty
despotique	despotique	ADJqua	NOMB.=s|GENRE=m
ayant	avoir	VERppa	NOMB.=x|GENRE=x
fait	faire	VERppe	NOMB.=s|GENRE=m
ouvrir	ouvrir	VERinf	MORPH=empty
devant	devant	PRE	MORPH=empty
lui	il	PROper	PERS.=3|NOMB.=s|GENRE=m|CAS=i
des	un	DETndf	NOMB.=p|GENRE=m
coffres	coffre	NOMcom	NOMB.=p|GENRE=m
qui	qui	PROrel	MORPH=empty
arrivoient	arriver	VERcjg	MODE=ind|TEMPS=ipf|PERS.=3|NOMB.=p
d’	de	PRE	MORPH=empty
Angleterrre	Angleterre	NOMpro	NOMB.=s|GENRE=f
,	,	PONfbl	MORPH=empty
afin	afin	ADVgen	MORPH=empty
d’	de	PRE	MORPH=empty
y	y	PROadv	MORPH=empty
prendre	prendre	VERinf	MORPH=empty
quelques	quelque	DETind	NOMB.=p|GENRE=m
présens	présent	NOMcom	NOMB.=p|GENRE=m
qui	qui	PROrel	MORPH=empty
lui	il	PROper	PERS.=3|NOMB.=p|GENRE=m|CAS=i
étoient	être	VERcjg	MODE=ind|TEMPS=ipf|PERS.=3|NOMB.=p
destinés	destiner	VERppe	NOMB.=p|GENRE=m
,	,	PONfbl	MORPH=empty
fut	être	VERcjg	MODE=ind|TEMPS=psp|PERS.=3|NOMB.=s
fort	fort	ADVgen	MORPH=empty
surpris	surprendre	VERppe	NOMB.=s|GENRE=m
d’	de	PRE	MORPH=empty
y	y	PROadv	MORPH=empty
trouver	trouver	VERinf	MORPH=empty
un	un	DETndf	NOMB.=s|GENRE=m
tableau	tableau	NOMcom	NOMB.=s|GENRE=m
représentant	représenter	VERppa	NOMB.=x|GENRE=x
un	un	DETndf	NOMB.=s|GENRE=m
Satyre	satyre	NOMpro	NOMB.=s|GENRE=m
qu’	que	PROrel	MORPH=empty
une	un	DETndf	NOMB.=s|GENRE=f
Vénus	Vénus	NOMpro	NOMB.=s|GENRE=f
menoit	mener	VERcjg	MODE=ind|TEMPS=ipf|PERS.=3|NOMB.=s
par	par	PRE	MORPH=empty
le	le	DETdef	NOMB.=s|GENRE=m
nez	nez	NOMcom	NOMB.=s|GENRE=m
.	.	PONfrt	MORPH=empty
«	«	PONpga	MORPH=empty
Il	il	PROper	PERS.=3|NOMB.=s|GENRE=m|CAS=n
s’	il	PROper	PERS.=3|NOMB.=s|GENRE=m|CAS=r
imagina	imaginer	VERcjg	MODE=ind|TEMPS=psp|PERS.=3|NOMB.=s
,	,	PONfbl	MORPH=empty
dit	dire	VERcjg	MODE=ind|TEMPS=pst|PERS.=3|NOMB.=s
-il	il	PROper	PERS.=3|NOMB.=s|GENRE=m|CAS=n
,	,	PONfbl	MORPH=empty
que	que	CONsub	MORPH=empty
«	«	PONpga	MORPH=empty
cette	ce	DETdem	NOMB.=s|GENRE=f
peinture	peinture	NOMcom	NOMB.=s|GENRE=f
étoit	être	VERcjg	MODE=ind|TEMPS=ipf|PERS.=3|NOMB.=s
faite	faire	VERppe	NOMB.=s|GENRE=f
en	en	PRE	MORPH=empty
dérision	dérision	NOMcom	NOMB.=s|GENRE=f
«	«	PONpga	MORPH=empty
des	de_le	PRE.DETdef	NOMB.=p|GENRE=m
peuples	peuple	NOMcom	NOMB.=p|GENRE=m
de	de	PRE	MORPH=empty
l’	le	DETdef	NOMB.=s|GENRE=f
Asie	Asie	NOMpro	NOMB.=s|GENRE=f
,	,	PONfbl	MORPH=empty
qu’	que	CONsub	MORPH=empty
ils	il	PROper	PERS.=3|NOMB.=p|GENRE=m|CAS=n
«	«	PONfrt	MORPH=empty
y	y	PROadv	MORPH=empty
étoient	être	VERcjg	MODE=ind|TEMPS=ipf|PERS.=3|NOMB.=p
figurés	figurer	VERppe	NOMB.=p|GENRE=m
par	par	PRE	MORPH=empty
le	le	DETdef	NOMB.=s|GENRE=m
Satyre	satyre	NOMpro	NOMB.=s|GENRE=m
«	«	PONfrt	MORPH=empty
noir	noir	ADJqua	NOMB.=s|GENRE=m
et	et	CONcoo	MORPH=empty
cornu	cornu	ADJqua	NOMB.=s|GENRE=m
,	,	PONfbl	MORPH=empty
comme	comme	CONsub	MORPH=empty
étant	être	VERppa	NOMB.=x|GENRE=x
d’	de	PRE	MORPH=empty
une	un	DETndf	NOMB.=s|GENRE=f
«	«	PONfrt	MORPH=empty
même	même	ADJind	NOMB.=s|GENRE=f
complexion	complexion	NOMcom	NOMB.=s|GENRE=f
;	;	PONfbl	MORPH=empty
et	et	CONcoo	MORPH=empty
que	que	CONsub	MORPH=empty
la	le	DETdef	NOMB.=s|GENRE=f
«	«	PONpxx	MORPH=empty
Vénus	Vénus	NOMpro	NOMB.=s|GENRE=f
qui	qui	PROrel	MORPH=empty
menoit	mener	VERcjg	MODE=ind|TEMPS=ipf|PERS.=3|NOMB.=s
le	le	DETdef	NOMB.=s|GENRE=m
Satyre	satyre	NOMpro	NOMB.=s|GENRE=m
par	par	PRE	MORPH=empty
«	«	PONpga	MORPH=empty
le	le	DETdef	NOMB.=s|GENRE=m
nez	nez	NOMcom	NOMB.=s|GENRE=m
,	,	PONfbl	MORPH=empty
représentoit	représenter	VERcjg	MODE=ind|TEMPS=ipf|PERS.=3|NOMB.=s
le	le	DETdef	NOMB.=s|GENRE=m
grand	grand	ADJqua	NOMB.=s|GENRE=m
empire	empire	NOMcom	NOMB.=s|GENRE=m
«	«	PONfrt	MORPH=empty
que	que	CONsub	MORPH=empty
les	le	DETdef	NOMB.=p|GENRE=f
femmes	femme	NOMcom	NOMB.=p|GENRE=f
de	de	PRE	MORPH=empty
ce	ce	DETdem	NOMB.=s|GENRE=m
pays	pays	NOMcom	NOMB.=s|GENRE=m
«	«	PONpga	MORPH=empty
là	là	ADVgen	MORPH=empty
ont	avoir	VERcjg	MODE=ind|TEMPS=pst|PERS.=3|NOMB.=p
sur	sur	PRE	MORPH=empty
les	le	DETdef	NOMB.=p|GENRE=m
hommes	homme	NOMcom	NOMB.=p|GENRE=m
.	.	PONfrt	MORPH=empty
»	»	PONpdr	MORPH=empty
Thomas	Thomas	NOMpro	NOMB.=s|GENRE=m
Rhoé	Rhoé	NOMpro	NOMB.=s|GENRE=x
à	à	PRE	MORPH=empty
qui	qui	PROrel	MORPH=empty
ce	ce	DETdem	NOMB.=s|GENRE=m
tableau	tableau	NOMcom	NOMB.=s|GENRE=m
étoit	être	VERcjg	MODE=ind|TEMPS=ipf|PERS.=3|NOMB.=s
adressé	adresser	VERppe	NOMB.=s|GENRE=m
,	,	PONfbl	MORPH=empty
eut	avoir	VERcjg	MODE=ind|TEMPS=psp|PERS.=3|NOMB.=s
bien	bien	ADVgen	MORPH=empty
de	de	PRE	MORPH=empty
la	le	DETdef	NOMB.=s|GENRE=f
peine	peine	NOMcom	NOMB.=s|GENRE=f
à	à	PRE	MORPH=empty
en	en	PRE	MORPH=empty
détruire	détruire	VERinf	MORPH=empty
l’	le	DETdef	NOMB.=s|GENRE=m
effet	effet	NOMcom	NOMB.=s|GENRE=m
dans	dans	PRE	MORPH=empty
l’	le	DETdef	NOMB.=s|GENRE=m
esprit	esprit	NOMcom	NOMB.=s|GENRE=m
du	de_le	PRE.DETdef	NOMB.=s|GENRE=m
Mogol	Moghol	NOMpro	NOMB.=s|GENRE=m
,	,	PONfbl	MORPH=empty
en	en	PRE	MORPH=empty
lui	il	PROper	PERS.=3|NOMB.=s|GENRE=m|CAS=i
donnant	donner	VERppa	NOMB.=x|GENRE=x
une	un	DETndf	NOMB.=s|GENRE=f
idée	idée	NOMcom	NOMB.=s|GENRE=f
de	de	PRE	MORPH=empty
nos	notre	DETpos	PERS.=1|NOMB.=p|GENRE=f
fables	fable	NOMcom	NOMB.=p|GENRE=f
;	;	PONfbl	MORPH=empty
il	il	PROper	PERS.=3|NOMB.=s|GENRE=m|CAS=n
recommande	recommander	VERcjg	MODE=ind|TEMPS=pst|PERS.=3|NOMB.=s
à	à	PRE	MORPH=empty
cette	ce	DETdem	NOMB.=s|GENRE=f
occasion	occasion	NOMcom	NOMB.=s|GENRE=f
bien	bien	ADVgen	MORPH=empty
expressément	expressément	ADVgen	MORPH=empty
aux	à_le	PRE.DETdef	NOMB.=p|GENRE=m
directeurs	directeur	NOMcom	NOMB.=p|GENRE=m
de	de	PRE	MORPH=empty
la	le	DETdef	NOMB.=s|GENRE=f
compagnie	compagnie	NOMcom	NOMB.=s|GENRE=f
des	de_le	PRE.DETdef	NOMB.=p|GENRE=f
Indes	Inde	NOMpro	NOMB.=p|GENRE=f
en	en	PRE	MORPH=empty
Angleterre	Angleterre	NOMpro	NOMB.=s|GENRE=f
,	,	PONfbl	MORPH=empty
de	de	PRE	MORPH=empty
n’	ne	ADVneg	MORPH=empty
envoyer	envoyer	VERinf	MORPH=empty
à	à	PRE	MORPH=empty
l’	le	DETdef	NOMB.=s|GENRE=m
avenir	avenir	NOMcom	NOMB.=s|GENRE=m
aucune	aucun	DETind	NOMB.=s|GENRE=f
peinture	peinture	NOMcom	NOMB.=s|GENRE=f
allégorique	allégorique	ADJqua	NOMB.=s|GENRE=f
aux	à_le	PRE.DETdef	NOMB.=p|GENRE=f
Indes	Inde	NOMpro	NOMB.=p|GENRE=f
,	,	PONfbl	MORPH=empty
parce	parce	ADVgen	MORPH=empty
que	que	CONsub	MORPH=empty
les	le	DETdef	NOMB.=p|GENRE=m
princes	prince	NOMcom	NOMB.=p|GENRE=m
,	,	PONfbl	MORPH=empty
dit	dire	VERcjg	MODE=ind|TEMPS=pst|PERS.=3|NOMB.=s
-il	il	PROper	PERS.=3|NOMB.=s|GENRE=m|CAS=n
,	,	PONfbl	MORPH=empty
y	y	PROadv	MORPH=empty
sont	être	VERcjg	MODE=ind|TEMPS=pst|PERS.=3|NOMB.=p
très	très	ADVgen	MORPH=empty
-	-	PONfbl	MORPH=empty
soupçonneux	soupçonneux	ADJqua	NOMB.=s|GENRE=m
.	.	PONfrt	MORPH=empty
C’	ce	PROdem	NOMB.=s|GENRE=n
est	être	VERcjg	MODE=ind|TEMPS=pst|PERS.=3|NOMB.=s
en	en	PRE	MORPH=empty
effet	effet	NOMcom	NOMB.=s|GENRE=m
le	le	DETdef	NOMB.=s|GENRE=m
caractère	caractère	NOMcom	NOMB.=s|GENRE=m
des	de_le	PRE.DETdef	NOMB.=p|GENRE=m
despotes	despote	NOMcom	NOMB.=p|GENRE=m
.	.	PONfrt	MORPH=empty
Je	je	PROper	PERS.=1|NOMB.=s|GENRE=x|CAS=n
crois	croire	VERcjg	MODE=ind|TEMPS=pst|PERS.=1|NOMB.=s
donc	donc	ADVgen	MORPH=empty
que	que	CONsub	MORPH=empty
nulle	nul	DETind	NOMB.=s|GENRE=f
part	part	NOMcom	NOMB.=s|GENRE=f
les	le	DETdef	NOMB.=p|GENRE=f
fables	fable	NOMcom	NOMB.=p|GENRE=f
n’	ne	ADVneg	MORPH=empty
ont	avoir	VERcjg	MODE=ind|TEMPS=pst|PERS.=3|NOMB.=p
été	être	VERppe	NOMB.=s|GENRE=m
imaginées	imaginer	VERppe	NOMB.=p|GENRE=f
pour	pour	PRE	MORPH=empty
eux	il	PROper	PERS.=3|NOMB.=p|GENRE=m|CAS=i
,	,	PONfbl	MORPH=empty
si	si	CONsub	MORPH=empty
ce	ce	PROdem	NOMB.=s|GENRE=n
n’	ne	ADVneg	MORPH=empty
est	être	VERcjg	MODE=ind|TEMPS=pst|PERS.=3|NOMB.=s
pour	pour	PRE	MORPH=empty
les	il	PROper	PERS.=3|NOMB.=p|GENRE=m|CAS=r
flatter	flatter	VERinf	MORPH=empty
.	.	PONfrt	MORPH=empty
En	en	PRE	MORPH=empty
genéral	général	NOMcom	NOMB.=s|GENRE=m
,	,	PONfbl	MORPH=empty
le	le	DETdef	NOMB.=s|GENRE=m
goût	goût	NOMcom	NOMB.=s|GENRE=m
pour	pour	PRE	MORPH=empty
les	le	DETdef	NOMB.=p|GENRE=f
fables	fable	NOMcom	NOMB.=p|GENRE=f
est	être	VERcjg	MODE=ind|TEMPS=pst|PERS.=3|NOMB.=s
répandu	répandre	VERppe	NOMB.=s|GENRE=m
par	par	PRE	MORPH=empty
toute	tout	DETind	NOMB.=s|GENRE=f
la	le	DETdef	NOMB.=s|GENRE=f
terre	terre	NOMcom	NOMB.=s|GENRE=f
,	,	PONfbl	MORPH=empty
mais	mais	CONcoo	MORPH=empty
bien	bien	ADVgen	MORPH=empty
plus	plus	ADVgen	MORPH=empty
dans	dans	PRE	MORPH=empty
les	le	DETdef	NOMB.=p|GENRE=m
pays	pays	NOMcom	NOMB.=p|GENRE=m
libres	libre	ADJqua	NOMB.=p|GENRE=m
que	que	CONsub	MORPH=empty
dans	dans	PRE	MORPH=empty
les	le	DETdef	NOMB.=p|GENRE=m
despotiques	despotique	ADJqua	NOMB.=p|GENRE=m
.	.	PONfrt	MORPH=empty
Les	le	DETdef	NOMB.=p|GENRE=m
peuples	peuple	NOMcom	NOMB.=p|GENRE=m
sauvages	sauvage	ADJqua	NOMB.=p|GENRE=m
fondent	fonder	VERcjg	MODE=ind|TEMPS=pst|PERS.=3|NOMB.=p
leurs	leur	DETpos	PERS.=3|NOMB.=p|GENRE=f
traditions	tradition	NOMcom	NOMB.=p|GENRE=f
sur	sur	PRE	MORPH=empty
des	un	DETndf	NOMB.=p|GENRE=f
fables	fable	NOMcom	NOMB.=p|GENRE=f
;	;	PONfbl	MORPH=empty
il	il	PROimp	PERS.=3|NOMB.=s|GENRE=x|CAS=n
n’	ne	ADVneg	MORPH=empty
y	y	PROadv	MORPH=empty
a	avoir	VERcjg	MODE=ind|TEMPS=pst|PERS.=3|NOMB.=s
point	point	ADVgen	MORPH=empty
de	de	PRE	MORPH=empty
pays	pays	NOMcom	NOMB.=s|GENRE=m
où	où	PROrel	NOMB.=x|GENRE=x|CAS=i
elles	il	PROper	PERS.=3|NOMB.=p|GENRE=f|CAS=n
aient	avoir	VERcjg	MODE=sub|TEMPS=pst|PERS.=3|NOMB.=p
été	être	VERppe	NOMB.=s|GENRE=m
plus	plus	ADVgen	MORPH=empty
communes	commun	ADJqua	NOMB.=p|GENRE=f
que	que	CONsub	MORPH=empty
dans	dans	PRE	MORPH=empty
la	le	DETdef	NOMB.=s|GENRE=f
Grèce	Grèce	NOMpro	NOMB.=s|GENRE=f
,	,	PONfbl	MORPH=empty
où	où	PROrel	NOMB.=x|GENRE=x|CAS=i
tous	tout	DETind	NOMB.=p|GENRE=m
les	le	DETdef	NOMB.=p|GENRE=m
objets	objet	NOMcom	NOMB.=p|GENRE=m
de	de	PRE	MORPH=empty
la	le	DETdef	NOMB.=s|GENRE=f
nature	nature	NOMcom	NOMB.=s|GENRE=f
,	,	PONfbl	MORPH=empty
de	de	PRE	MORPH=empty
la	le	DETdef	NOMB.=s|GENRE=f
politique	politique	NOMcom	NOMB.=s|GENRE=f
et	et	CONcoo	MORPH=empty
de	de	PRE	MORPH=empty
la	le	DETdef	NOMB.=s|GENRE=f
religion	religion	NOMcom	NOMB.=s|GENRE=f
,	,	PONfbl	MORPH=empty
n’	ne	ADVneg	MORPH=empty
étoient	être	VERcjg	MODE=ind|TEMPS=ipf|PERS.=3|NOMB.=p
que	que	ADVgen	MORPH=empty
des	un	DETndf	NOMB.=p|GENRE=m
résultats	résultat	NOMcom	NOMB.=p|GENRE=m
de	de	PRE	MORPH=empty
quelques	quelque	DETind	NOMB.=p|GENRE=f
métamorphoses	métamorphose	NOMcom	NOMB.=p|GENRE=f
.	.	PONfrt	MORPH=empty
Il	il	PROimp	PERS.=3|NOMB.=s|GENRE=x|CAS=n
y	y	PROadv	MORPH=empty
avoit	avoir	VERcjg	MODE=ind|TEMPS=ipf|PERS.=3|NOMB.=s
peu	peu	ADVgen	MORPH=empty
de	de	PRE	MORPH=empty
familles	famille	NOMcom	NOMB.=p|GENRE=f
illustres	illustre	ADJqua	NOMB.=p|GENRE=f
qui	qui	PROrel	MORPH=empty
n'	ne	ADVneg	MORPH=empty
eût	avoir	VERcjg	MODE=sub|TEMPS=ipf|PERS.=3|NOMB.=s
quelque	quelque	DETind	NOMB.=s|GENRE=m
animal	animal	NOMcom	NOMB.=s|GENRE=m
au	à_le	PRE.DETdef	NOMB.=s|GENRE=m
nombre	nombre	NOMcom	NOMB.=s|GENRE=m
de	de	PRE	MORPH=empty
ses	son	DETpos	PERS.=3|NOMB.=s|GENRE=m
ancêtres	ancêtre	NOMcom	NOMB.=p|GENRE=m
,	,	PONfbl	MORPH=empty
et	et	CONcoo	MORPH=empty
qui	qui	PROrel	MORPH=empty
ne	ne	ADVneg	MORPH=empty
comptât	compter	VERcjg	MODE=sub|TEMPS=ipf|PERS.=3|NOMB.=s
parmi	parmi	PRE	MORPH=empty
ses	son	DETpos	PERS.=3|NOMB.=s|GENRE=m
cousins	cousin	NOMcom	NOMB.=p|GENRE=m
ou	ou	CONcoo	MORPH=empty
ses	son	DETpos	PERS.=3|NOMB.=s|GENRE=f
cousines	cousin	NOMcom	NOMB.=p|GENRE=f
,	,	PONfbl	MORPH=empty
des	un	DETndf	NOMB.=p|GENRE=m
taureaux	taureau	NOMcom	NOMB.=p|GENRE=m
,	,	PONfbl	MORPH=empty
des	un	DETndf	NOMB.=p|GENRE=m
cygnes	cygne	NOMcom	NOMB.=p|GENRE=m
,	,	PONfbl	MORPH=empty
des	un	DETndf	NOMB.=p|GENRE=m
rossignols	rossignol	NOMcom	NOMB.=p|GENRE=m
,	,	PONfbl	MORPH=empty
des	un	DETndf	NOMB.=p|GENRE=f
tourterelles	tourterelle	NOMcom	NOMB.=p|GENRE=f
,	,	PONfbl	MORPH=empty
des	un	DETndf	NOMB.=p|GENRE=f
corneilles	corneille	NOMcom	NOMB.=p|GENRE=f
ou	ou	CONcoo	MORPH=empty
des	un	DETndf	NOMB.=p|GENRE=f
pies	pie	NOMcom	NOMB.=p|GENRE=f
.	.	PONfrt	MORPH=empty
On	on	PROind	PERS.=3|NOMB.=s|GENRE=x|CAS=n
peut	pouvoir	VERcjg	MODE=ind|TEMPS=pst|PERS.=3|NOMB.=s
observer	observer	VERinf	MORPH=empty
que	que	CONsub	MORPH=empty
les	le	DETdef	NOMB.=p|GENRE=m
Anglois	anglais	NOMpro	NOMB.=p|GENRE=m
,	,	PONfbl	MORPH=empty
dans	dans	PRE	MORPH=empty
leur	leur	DETpos	PERS.=3|NOMB.=p|GENRE=f
littérature	littérature	NOMcom	NOMB.=s|GENRE=f
,	,	PONfbl	MORPH=empty
ont	avoir	VERcjg	MODE=ind|TEMPS=pst|PERS.=3|NOMB.=p
un	un	DETndf	NOMB.=s|GENRE=m
goût	goût	NOMcom	NOMB.=s|GENRE=m
particulier	particulier	ADJqua	NOMB.=s|GENRE=m
pour	pour	PRE	MORPH=empty
l’	le	DETdef	NOMB.=s|GENRE=f
allégorie	allégorie	NOMcom	NOMB.=s|GENRE=f
,	,	PONfbl	MORPH=empty
quoique	quoique	CONsub	MORPH=empty
la	le	DETdef	NOMB.=s|GENRE=f
vérité	vérité	NOMcom	NOMB.=s|GENRE=f
puisse	pouvoir	VERcjg	MODE=sub|TEMPS=pst|PERS.=3|NOMB.=s
se	il	PROper	PERS.=3|NOMB.=s|GENRE=f|CAS=r
dire	dire	VERinf	MORPH=empty
chez	chez	PRE	MORPH=empty
eux	il	PROper	PERS.=3|NOMB.=p|GENRE=m|CAS=i
fort	fort	ADVgen	MORPH=empty
librement	librement	ADVgen	MORPH=empty
.	.	PONfrt	MORPH=empty
Les	le	DETdef	NOMB.=p|GENRE=m
Asiatiques	asiatique	NOMpro	NOMB.=p|GENRE=m
ont	avoir	VERcjg	MODE=ind|TEMPS=pst|PERS.=3|NOMB.=p
été	être	VERppe	NOMB.=s|GENRE=m
dans	dans	PRE	MORPH=empty
le	le	DETdef	NOMB.=s|GENRE=m
même	même	ADJind	NOMB.=s|GENRE=m
cas	cas	NOMcom	NOMB.=s|GENRE=m
,	,	PONfbl	MORPH=empty
du	de_le	PRE.DETdef	NOMB.=s|GENRE=m
temps	temps	NOMcom	NOMB.=s|GENRE=m
d’	de	PRE	MORPH=empty
Esope	Ésope	NOMpro	NOMB.=s|GENRE=m
et	et	CONcoo	MORPH=empty
de	de	PRE	MORPH=empty
Lockman	Lockman	NOMpro	NOMB.=s|GENRE=m
;	;	PONfbl	MORPH=empty
mais	mais	CONcoo	MORPH=empty
on	on	PROind	PERS.=3|NOMB.=s|GENRE=x|CAS=n
ne	ne	ADVneg	MORPH=empty
trouve	trouver	VERcjg	MODE=ind|TEMPS=pst|PERS.=3|NOMB.=s
plus	plus	ADVgen	MORPH=empty
aujourd’hui	aujourd'hui	ADVgen	MORPH=empty
chez	chez	PRE	MORPH=empty
eux	il	PROper	PERS.=3|NOMB.=p|GENRE=m|CAS=i
de	de	PRE	MORPH=empty
fabulistes	fabuliste	NOMcom	NOMB.=p|GENRE=m
,	,	PONfbl	MORPH=empty
quoique	quoique	CONsub	MORPH=empty
leur	leur	DETpos	PERS.=3|NOMB.=p|GENRE=m
pays	pays	NOMcom	NOMB.=s|GENRE=m
soit	être	VERcjg	MODE=sub|TEMPS=pst|PERS.=3|NOMB.=s
rempli	remplir	VERppe	NOMB.=s|GENRE=m
de	de	PRE	MORPH=empty
Sultans	sultan	NOMpro	NOMB.=p|GENRE=m
.	.	PONfrt	MORPH=empty
Ce	ce	PROdem	NOMB.=p|GENRE=n
sont	être	VERcjg	MODE=ind|TEMPS=pst|PERS.=3|NOMB.=p
les	le	DETdef	NOMB.=p|GENRE=m
peuples	peuple	NOMcom	NOMB.=p|GENRE=m
les	le	DETdef	NOMB.=p|GENRE=m
plus	plus	ADVgen	MORPH=empty
rapprochés	rapprocher	VERppe	NOMB.=p|GENRE=m
de	de	PRE	MORPH=empty
la	le	DETdef	NOMB.=s|GENRE=f
nature	nature	NOMcom	NOMB.=s|GENRE=f
,	,	PONfbl	MORPH=empty
et	et	CONcoo	MORPH=empty
par	par	PRE	MORPH=empty
conséquent	conséquent	NOMcom	NOMB.=s|GENRE=m
les	le	DETdef	NOMB.=p|GENRE=m
plus	plus	ADVgen	MORPH=empty
libres	libre	ADJqua	NOMB.=p|GENRE=m
,	,	PONfbl	MORPH=empty
qui	qui	PROrel	MORPH=empty
ont	avoir	VERcjg	MODE=ind|TEMPS=pst|PERS.=3|NOMB.=p
le	le	DETdef	NOMB.=s|GENRE=m
plus	plus	ADVgen	MORPH=empty
aimé	aimer	VERppe	NOMB.=s|GENRE=m
à	à	PRE	MORPH=empty
orner	orner	VERinf	MORPH=empty
la	le	DETdef	NOMB.=s|GENRE=f
vérité	vérité	NOMcom	NOMB.=s|GENRE=f
de	de	PRE	MORPH=empty
fables	fable	NOMcom	NOMB.=p|GENRE=f
:	:	PONfbl	MORPH=empty
c’	ce	PROdem	NOMB.=s|GENRE=n
est	être	VERcjg	MODE=ind|TEMPS=pst|PERS.=3|NOMB.=s
par	par	PRE	MORPH=empty
un	un	DETndf	NOMB.=s|GENRE=m
effet	effet	NOMcom	NOMB.=s|GENRE=m
de	de	PRE	MORPH=empty
l’	le	DETdef	NOMB.=s|GENRE=m
amour	amour	NOMcom	NOMB.=s|GENRE=m
même	même	ADJind	NOMB.=s|GENRE=m
de	de	PRE	MORPH=empty
la	le	DETdef	NOMB.=s|GENRE=f
vérité	vérité	NOMcom	NOMB.=s|GENRE=f
,	,	PONfbl	MORPH=empty
qui	qui	PROrel	MORPH=empty
est	être	VERcjg	MODE=ind|TEMPS=pst|PERS.=3|NOMB.=s
le	le	DETdef	NOMB.=s|GENRE=m
sentiment	sentiment	NOMcom	NOMB.=s|GENRE=m
des	de_le	PRE.DETdef	NOMB.=p|GENRE=f
lois	loi	NOMcom	NOMB.=p|GENRE=f
de	de	PRE	MORPH=empty
la	le	DETdef	NOMB.=s|GENRE=f
nature	nature	NOMcom	NOMB.=s|GENRE=f
.	.	PONfrt	MORPH=empty
La	le	DETdef	NOMB.=s|GENRE=f
vérité	vérité	NOMcom	NOMB.=s|GENRE=f
est	être	VERcjg	MODE=ind|TEMPS=pst|PERS.=3|NOMB.=s
la	le	DETdef	NOMB.=s|GENRE=f
lumière	lumière	NOMcom	NOMB.=s|GENRE=f
de	de	PRE	MORPH=empty
l’	le	DETdef	NOMB.=s|GENRE=f
ame	âme	NOMcom	NOMB.=s|GENRE=f
,	,	PONfbl	MORPH=empty
comme	comme	CONsub	MORPH=empty
la	le	DETdef	NOMB.=s|GENRE=f
lumière	lumière	NOMcom	NOMB.=s|GENRE=f
physique	physique	ADJqua	NOMB.=s|GENRE=f
est	être	VERcjg	MODE=ind|TEMPS=pst|PERS.=3|NOMB.=s
la	le	DETdef	NOMB.=s|GENRE=f
vérité	vérité	NOMcom	NOMB.=s|GENRE=f
des	de_le	PRE.DETdef	NOMB.=p|GENRE=m
corps	corps	NOMcom	NOMB.=p|GENRE=m
.	.	PONfrt	MORPH=empty
L’	le	DETdef	NOMB.=s|GENRE=f
une	un	PROind	NOMB.=s|GENRE=f
et	et	CONcoo	MORPH=empty
l’	le	DETdef	NOMB.=s|GENRE=f
autre	autre	PROind	NOMB.=s|GENRE=f
réunies	réunir	VERppe	NOMB.=p|GENRE=f
donnent	donner	VERcjg	MODE=ind|TEMPS=pst|PERS.=3|NOMB.=p
la	le	DETdef	NOMB.=s|GENRE=f
science	science	NOMcom	NOMB.=s|GENRE=f
de	de	PRE	MORPH=empty
ce	ce	PROdem	NOMB.=s|GENRE=n
qui	qui	PROrel	MORPH=empty
est	être	VERcjg	MODE=ind|TEMPS=pst|PERS.=3|NOMB.=s
:	:	PONfbl	MORPH=empty
celle	celui	PROdem	NOMB.=s|GENRE=f
-ci	ci	ADVgen	MORPH=empty
éclaire	éclairer	VERcjg	MODE=ind|TEMPS=pst|PERS.=3|NOMB.=s
les	le	DETdef	NOMB.=p|GENRE=m
objets	objet	NOMcom	NOMB.=p|GENRE=m
,	,	PONfbl	MORPH=empty
celle	celui	PROdem	NOMB.=s|GENRE=f
-là	là	ADVgen	MORPH=empty
nous	nous	PROper	PERS.=1|NOMB.=p|GENRE=x|CAS=i
en	en	PROadv	MORPH=empty
montre	montrer	VERcjg	MODE=ind|TEMPS=pst|PERS.=3|NOMB.=s
les	le	DETdef	NOMB.=p|GENRE=f
convenances	convenance	NOMcom	NOMB.=p|GENRE=f
;	;	PONfbl	MORPH=empty
et	et	CONcoo	MORPH=empty
,	,	PONfbl	MORPH=empty
comme	comme	CONsub	MORPH=empty
dans	dans	PRE	MORPH=empty
le	le	DETdef	NOMB.=s|GENRE=m
principe	principe	NOMcom	NOMB.=s|GENRE=m
toute	tout	DETind	NOMB.=s|GENRE=f
lumière	lumière	NOMcom	NOMB.=s|GENRE=f
tire	tirer	VERcjg	MODE=ind|TEMPS=pst|PERS.=3|NOMB.=s
son	son	DETpos	PERS.=3|NOMB.=s|GENRE=f
origine	origine	NOMcom	NOMB.=s|GENRE=f
du	de_le	PRE.DETdef	NOMB.=s|GENRE=m
soleil	soleil	NOMcom	NOMB.=s|GENRE=m
,	,	PONfbl	MORPH=empty
toute	tout	DETind	NOMB.=s|GENRE=f
vérité	vérité	NOMcom	NOMB.=s|GENRE=f
tire	tirer	VERcjg	MODE=ind|TEMPS=pst|PERS.=3|NOMB.=s
la	le	DETdef	NOMB.=s|GENRE=f
sienne	sien	PROpos	NOMB.=s|GENRE=f
de	de	PRE	MORPH=empty
Dieu	Dieu	NOMpro	NOMB.=s|GENRE=m
,	,	PONfbl	MORPH=empty
dont	dont	PROrel	NOMB.=x|GENRE=x|CAS=i
cet	ce	DETdem	NOMB.=s|GENRE=m
astre	astre	NOMcom	NOMB.=s|GENRE=m
est	être	VERcjg	MODE=ind|TEMPS=pst|PERS.=3|NOMB.=s
la	le	DETdef	NOMB.=s|GENRE=f
plus	plus	ADVgen	MORPH=empty
sensible	sensible	ADJqua	NOMB.=s|GENRE=f
image	image	NOMcom	NOMB.=s|GENRE=f
.	.	PONfrt	MORPH=empty
Peu	peu	ADVgen	MORPH=empty
d’	de	PRE	MORPH=empty
hommes	homme	NOMcom	NOMB.=p|GENRE=m
peuvent	pouvoir	VERcjg	MODE=ind|TEMPS=pst|PERS.=3|NOMB.=p
supporter	supporter	VERinf	MORPH=empty
la	le	DETdef	NOMB.=s|GENRE=f
lumière	lumière	NOMcom	NOMB.=s|GENRE=f
pure	pur	ADJqua	NOMB.=s|GENRE=f
du	de_le	PRE.DETdef	NOMB.=s|GENRE=m
soleil	soleil	NOMcom	NOMB.=s|GENRE=m
.	.	PONfrt	MORPH=empty
C’	ce	PROdem	NOMB.=s|GENRE=n
est	être	VERcjg	MODE=ind|TEMPS=pst|PERS.=3|NOMB.=s
à	à	PRE	MORPH=empty
cause	cause	NOMcom	NOMB.=s|GENRE=f
de	de	PRE	MORPH=empty
la	le	DETdef	NOMB.=s|GENRE=f
foiblesse	faiblesse	NOMcom	NOMB.=s|GENRE=f
de	de	PRE	MORPH=empty
nos	notre	DETpos	PERS.=1|NOMB.=p|GENRE=m
yeux	œil	NOMcom	NOMB.=p|GENRE=m
,	,	PONfbl	MORPH=empty
que	que	CONsub	MORPH=empty
la	le	DETdef	NOMB.=s|GENRE=f
nature	nature	NOMcom	NOMB.=s|GENRE=f
nous	nous	PROper	PERS.=1|NOMB.=p|GENRE=x|CAS=i
a	avoir	VERcjg	MODE=ind|TEMPS=pst|PERS.=3|NOMB.=s
donné	donner	VERppe	NOMB.=s|GENRE=m
des	un	DETndf	NOMB.=p|GENRE=f
paupières	paupière	NOMcom	NOMB.=p|GENRE=f
pour	pour	PRE	MORPH=empty
les	il	PROper	PERS.=3|NOMB.=p|GENRE=m|CAS=r
voiler	voiler	VERinf	MORPH=empty
au	à_le	PRE.DETdef	NOMB.=s|GENRE=m
degré	degré	NOMcom	NOMB.=s|GENRE=m
qui	qui	PROrel	MORPH=empty
nous	nous	PROper	PERS.=1|NOMB.=p|GENRE=x|CAS=i
convient	convenir	VERcjg	MODE=ind|TEMPS=pst|PERS.=3|NOMB.=s
;	;	PONfbl	MORPH=empty
qu’	que	CONsub	MORPH=empty
elle	il	PROper	PERS.=3|NOMB.=s|GENRE=f|CAS=n
a	avoir	VERcjg	MODE=ind|TEMPS=pst|PERS.=3|NOMB.=s
planté	planter	VERppe	NOMB.=s|GENRE=m
la	le	DETdef	NOMB.=s|GENRE=f
terre	terre	NOMcom	NOMB.=s|GENRE=f
de	de	PRE	MORPH=empty
forêts	forêt	NOMcom	NOMB.=p|GENRE=f
,	,	PONfbl	MORPH=empty
dont	dont	PROrel	NOMB.=x|GENRE=x|CAS=i
les	le	DETdef	NOMB.=p|GENRE=m
feuillages	feuillage	NOMcom	NOMB.=p|GENRE=m
verts	vert	ADJqua	NOMB.=p|GENRE=m
nous	nous	PROper	PERS.=1|NOMB.=p|GENRE=x|CAS=i
offrent	offrir	VERcjg	MODE=ind|TEMPS=pst|PERS.=3|NOMB.=p
des	un	DETndf	NOMB.=p|GENRE=m
ombrages	ombrage	NOMcom	NOMB.=p|GENRE=m
doux	doux	ADJqua	NOMB.=p|GENRE=m
et	et	CONcoo	MORPH=empty
transparens	transparent	ADJqua	NOMB.=p|GENRE=m
;	;	PONfbl	MORPH=empty
et	et	CONcoo	MORPH=empty
qu’	que	CONsub	MORPH=empty
elle	il	PROper	PERS.=3|NOMB.=s|GENRE=f|CAS=n
répand	répandre	VERcjg	MODE=ind|TEMPS=pst|PERS.=3|NOMB.=s
dans	dans	PRE	MORPH=empty
les	le	DETdef	NOMB.=p|GENRE=m
cieux	ciel	NOMcom	NOMB.=p|GENRE=m
des	un	DETndf	NOMB.=p|GENRE=f
vapeurs	vapeur	NOMcom	NOMB.=p|GENRE=f
et	et	CONcoo	MORPH=empty
des	un	DETndf	NOMB.=p|GENRE=m
nuages	nuage	NOMcom	NOMB.=p|GENRE=m
,	,	PONfbl	MORPH=empty
pour	pour	PRE	MORPH=empty
affoiblir	affaiblir	VERinf	MORPH=empty
les	le	DETdef	NOMB.=p|GENRE=m
rayons	rayon	NOMcom	NOMB.=p|GENRE=m
trop	trop	ADVgen	MORPH=empty
vifs	vif	ADJqua	NOMB.=p|GENRE=m
de	de	PRE	MORPH=empty
l’	le	DETdef	NOMB.=s|GENRE=m
astre	astre	NOMcom	NOMB.=s|GENRE=m
du	de_le	PRE.DETdef	NOMB.=s|GENRE=m
jour	jour	NOMcom	NOMB.=s|GENRE=m
.	.	PONfrt	MORPH=empty
Peu	peu	ADVgen	MORPH=empty
d’	de	PRE	MORPH=empty
hommes	homme	NOMcom	NOMB.=p|GENRE=m
aussi	aussi	ADVgen	MORPH=empty
peuvent	pouvoir	VERcjg	MODE=ind|TEMPS=pst|PERS.=3|NOMB.=p
saisir	saisir	VERinf	MORPH=empty
les	le	DETdef	NOMB.=p|GENRE=f
vérités	vérité	NOMcom	NOMB.=p|GENRE=f
purement	purement	ADVgen	MORPH=empty
métaphysiques	métaphysique	ADJqua	NOMB.=p|GENRE=f
.	.	PONfrt	MORPH=empty
C’	ce	PROdem	NOMB.=s|GENRE=n
est	être	VERcjg	MODE=ind|TEMPS=pst|PERS.=3|NOMB.=s
à	à	PRE	MORPH=empty
cause	cause	NOMcom	NOMB.=s|GENRE=f
de	de	PRE	MORPH=empty
la	le	DETdef	NOMB.=s|GENRE=f
foiblesse	faiblesse	NOMcom	NOMB.=s|GENRE=f
de	de	PRE	MORPH=empty
notre	notre	DETpos	PERS.=1|NOMB.=p|GENRE=f
intelligence	intelligence	NOMcom	NOMB.=s|GENRE=f
,	,	PONfbl	MORPH=empty
que	que	CONsub	MORPH=empty
la	le	DETdef	NOMB.=s|GENRE=f
nature	nature	NOMcom	NOMB.=s|GENRE=f
nous	nous	PROper	PERS.=1|NOMB.=p|GENRE=x|CAS=i
a	avoir	VERcjg	MODE=ind|TEMPS=pst|PERS.=3|NOMB.=s
donné	donner	VERppe	NOMB.=s|GENRE=m
l’	le	DETdef	NOMB.=s|GENRE=f
ignorance	ignorance	NOMcom	NOMB.=s|GENRE=f
pour	pour	PRE	MORPH=empty
servir	servir	VERinf	MORPH=empty
de	de	PRE	MORPH=empty
paupière	paupière	NOMcom	NOMB.=s|GENRE=f
à	à	PRE	MORPH=empty
notre	notre	DETpos	PERS.=1|NOMB.=p|GENRE=f
ame	âme	NOMcom	NOMB.=s|GENRE=f
:	:	PONfbl	MORPH=empty
c’	ce	PROdem	NOMB.=s|GENRE=n
est	être	VERcjg	MODE=ind|TEMPS=pst|PERS.=3|NOMB.=s
par	par	PRE	MORPH=empty
son	son	DETpos	PERS.=3|NOMB.=s|GENRE=m
moyen	moyen	NOMcom	NOMB.=s|GENRE=m
que	que	CONsub	MORPH=empty
l’	le	DETdef	NOMB.=s|GENRE=f
ame	âme	NOMcom	NOMB.=s|GENRE=f
s’	il	PROper	PERS.=3|NOMB.=s|GENRE=f|CAS=r
ouvre	ouvrir	VERcjg	MODE=ind|TEMPS=pst|PERS.=3|NOMB.=s
par	par	PRE	MORPH=empty
degrés	degré	NOMcom	NOMB.=p|GENRE=m
à	à	PRE	MORPH=empty
la	le	DETdef	NOMB.=s|GENRE=f
vérité	vérité	NOMcom	NOMB.=s|GENRE=f
,	,	PONfbl	MORPH=empty
qu’	que	CONsub	MORPH=empty
elle	il	PROper	PERS.=3|NOMB.=s|GENRE=f|CAS=n
n’	ne	ADVneg	MORPH=empty
en	en	PROadv	MORPH=empty
admet	admettre	VERcjg	MODE=ind|TEMPS=pst|PERS.=3|NOMB.=s
que	que	ADVgen	MORPH=empty
ce	ce	PROdem	NOMB.=s|GENRE=n
qu’	que	PROrel	MORPH=empty
elle	il	PROper	PERS.=3|NOMB.=s|GENRE=f|CAS=n
en	en	PROadv	MORPH=empty
peut	pouvoir	VERcjg	MODE=ind|TEMPS=pst|PERS.=3|NOMB.=s
supporter	supporter	VERinf	MORPH=empty
,	,	PONfbl	MORPH=empty
qu’	que	CONsub	MORPH=empty
elle	il	PROper	PERS.=3|NOMB.=s|GENRE=f|CAS=n
s’	il	PROper	PERS.=3|NOMB.=s|GENRE=f|CAS=r
entoure	entourer	VERcjg	MODE=ind|TEMPS=pst|PERS.=3|NOMB.=s
de	de	PRE	MORPH=empty
fables	fable	NOMcom	NOMB.=p|GENRE=f
qui	qui	PROrel	MORPH=empty
sont	être	VERcjg	MODE=ind|TEMPS=pst|PERS.=3|NOMB.=p
comme	comme	CONsub	MORPH=empty
autant	autant	ADVgen	MORPH=empty
de	de	PRE	MORPH=empty
berceaux	berceau	NOMcom	NOMB.=p|GENRE=m
,	,	PONfbl	MORPH=empty
à	à	PRE	MORPH=empty
l’	le	DETdef	NOMB.=s|GENRE=f
ombre	ombre	NOMcom	NOMB.=s|GENRE=f
desquels	de_lequel	PRE.PROrel	NOMB.=p|GENRE=m
elle	il	PROper	PERS.=3|NOMB.=s|GENRE=f|CAS=n
la	il	PROper	PERS.=3|NOMB.=s|GENRE=f|CAS=r
contemple	contempler	VERcjg	MODE=ind|TEMPS=pst|PERS.=3|NOMB.=s
;	;	PONfbl	MORPH=empty
et	et	CONcoo	MORPH=empty
lorsqu’	lorsque	CONsub	MORPH=empty
elle	il	PROper	PERS.=3|NOMB.=s|GENRE=f|CAS=n
veut	vouloir	VERcjg	MODE=ind|TEMPS=pst|PERS.=3|NOMB.=s
s’	il	PROper	PERS.=3|NOMB.=s|GENRE=f|CAS=r
élever	élever	VERinf	MORPH=empty
jusqu’	jusque	PRE	MORPH=empty
à	à	PRE	MORPH=empty
la	le	DETdef	NOMB.=s|GENRE=f
Divinité	divinité	NOMpro	NOMB.=s|GENRE=f
même	même	ADJind	NOMB.=s|GENRE=f
,	,	PONfbl	MORPH=empty
elle	il	PROper	PERS.=3|NOMB.=s|GENRE=f|CAS=n
la	il	PROper	PERS.=3|NOMB.=s|GENRE=f|CAS=r
voile	voiler	VERcjg	MODE=ind|TEMPS=pst|PERS.=3|NOMB.=s
d’	de	PRE	MORPH=empty
allégories	allégorie	NOMcom	NOMB.=p|GENRE=f
et	et	CONcoo	MORPH=empty
de	de	PRE	MORPH=empty
mystères	mystère	NOMcom	NOMB.=p|GENRE=m
pour	pour	PRE	MORPH=empty
en	en	PROadv	MORPH=empty
soutenir	soutenir	VERinf	MORPH=empty
l’	le	DETdef	NOMB.=s|GENRE=m
éclat	éclat	NOMcom	NOMB.=s|GENRE=m
.	.	PONfrt	MORPH=empty
Nous	nous	PROper	PERS.=1|NOMB.=p|GENRE=x|CAS=n
ne	ne	ADVneg	MORPH=empty
verrions	voir	VERcjg	MODE=con|PERS.=1|NOMB.=p
pas	pas	ADVgen	MORPH=empty
la	le	DETdef	NOMB.=s|GENRE=f
lumière	lumière	NOMcom	NOMB.=s|GENRE=f
du	de_le	PRE.DETdef	NOMB.=s|GENRE=m
soleil	soleil	NOMcom	NOMB.=s|GENRE=m
,	,	PONfbl	MORPH=empty
si	si	CONsub	MORPH=empty
elle	il	PROper	PERS.=3|NOMB.=s|GENRE=f|CAS=n
ne	ne	ADVneg	MORPH=empty
s'	il	PROper	PERS.=3|NOMB.=s|GENRE=f|CAS=r
arrêtoit	arrêter	VERcjg	MODE=ind|TEMPS=ipf|PERS.=3|NOMB.=s
sur	sur	PRE	MORPH=empty
des	un	DETndf	NOMB.=p|GENRE=m
corps	corps	NOMcom	NOMB.=p|GENRE=m
,	,	PONfbl	MORPH=empty
ou	ou	CONcoo	MORPH=empty
au	à_le	PRE.DETdef	NOMB.=s|GENRE=m
moins	moins	NOMcom	NOMB.=s|GENRE=m
sur	sur	PRE	MORPH=empty
des	un	DETndf	NOMB.=p|GENRE=m
nuages	nuage	NOMcom	NOMB.=p|GENRE=m
.	.	PONfrt	MORPH=empty
Elle	il	PROper	PERS.=3|NOMB.=s|GENRE=f|CAS=n
nous	nous	PROper	PERS.=1|NOMB.=p|GENRE=x|CAS=i
échappe	échapper	VERcjg	MODE=ind|TEMPS=pst|PERS.=3|NOMB.=s
hors	hors	PRE	MORPH=empty
de	de	PRE	MORPH=empty
notre	notre	DETpos	PERS.=1|NOMB.=p|GENRE=f
atmosphère	atmosphère	NOMcom	NOMB.=s|GENRE=f
,	,	PONfbl	MORPH=empty
et	et	CONcoo	MORPH=empty
nous	nous	PROper	PERS.=1|NOMB.=p|GENRE=x|CAS=r
éblouit	éblouir	VERcjg	MODE=ind|TEMPS=pst|PERS.=3|NOMB.=s
à	à	PRE	MORPH=empty
sa	son	DETpos	PERS.=3|NOMB.=s|GENRE=f
source	source	NOMcom	NOMB.=s|GENRE=f
.	.	PONfrt	MORPH=empty
Il	il	PROimp	PERS.=3|NOMB.=s|GENRE=x|CAS=n
en	en	PROadv	MORPH=empty
est	être	VERcjg	MODE=ind|TEMPS=pst|PERS.=3|NOMB.=s
de	de	PRE	MORPH=empty
même	même	ADVgen	MORPH=empty
de	de	PRE	MORPH=empty
la	le	DETdef	NOMB.=s|GENRE=f
vérité	vérité	NOMcom	NOMB.=s|GENRE=f
;	;	PONfbl	MORPH=empty
nous	nous	PROper	PERS.=1|NOMB.=p|GENRE=x|CAS=n
ne	ne	ADVneg	MORPH=empty
la	il	PROper	PERS.=3|NOMB.=s|GENRE=f|CAS=r
saisirions	saisir	VERcjg	MODE=con|PERS.=1|NOMB.=p
pas	pas	ADVgen	MORPH=empty
si	si	CONsub	MORPH=empty
elle	il	PROper	PERS.=3|NOMB.=s|GENRE=f|CAS=n
ne	ne	ADVneg	MORPH=empty
se	il	PROper	PERS.=3|NOMB.=s|GENRE=f|CAS=r
fixoit	fixer	VERcjg	MODE=ind|TEMPS=ipf|PERS.=3|NOMB.=s
sur	sur	PRE	MORPH=empty
des	un	DETndf	NOMB.=p|GENRE=m
événemens	événement	NOMcom	NOMB.=p|GENRE=m
sensibles	sensible	ADJqua	NOMB.=p|GENRE=m
,	,	PONfbl	MORPH=empty
ou	ou	CONcoo	MORPH=empty
au	à_le	PRE.DETdef	NOMB.=s|GENRE=m
moins	moins	NOMcom	NOMB.=s|GENRE=m
sur	sur	PRE	MORPH=empty
des	un	DETndf	NOMB.=p|GENRE=f
métaphores	métaphore	NOMcom	NOMB.=p|GENRE=f
et	et	CONcoo	MORPH=empty
des	un	DETndf	NOMB.=p|GENRE=f
comparaisons	comparaison	NOMcom	NOMB.=p|GENRE=f
qui	qui	PROrel	MORPH=empty
la	il	PROper	PERS.=3|NOMB.=s|GENRE=f|CAS=r
réfléchissent	réfléchir	VERcjg	MODE=ind|TEMPS=pst|PERS.=3|NOMB.=p
;	;	PONfbl	MORPH=empty
il	il	PROimp	PERS.=3|NOMB.=s|GENRE=x|CAS=n
lui	il	PROper	PERS.=3|NOMB.=s|GENRE=f|CAS=i
faut	falloir	VERcjg	MODE=ind|TEMPS=pst|PERS.=3|NOMB.=s
un	un	DETndf	NOMB.=s|GENRE=m
corps	corps	NOMcom	NOMB.=s|GENRE=m
qui	qui	PROrel	MORPH=empty
la	il	PROper	PERS.=3|NOMB.=s|GENRE=f|CAS=r
renvoie	renvoyer	VERcjg	MODE=ind|TEMPS=pst|PERS.=3|NOMB.=s
.	.	PONfrt	MORPH=empty
Notre	notre	DETpos	PERS.=1|NOMB.=p|GENRE=m
entendement	entendement	NOMcom	NOMB.=s|GENRE=m
n’	ne	ADVneg	MORPH=empty
a	avoir	VERcjg	MODE=ind|TEMPS=pst|PERS.=3|NOMB.=s
point	point	ADVgen	MORPH=empty
de	de	PRE	MORPH=empty
prise	prise	NOMcom	NOMB.=s|GENRE=f
sur	sur	PRE	MORPH=empty
les	le	DETdef	NOMB.=p|GENRE=f
vérités	vérité	NOMcom	NOMB.=p|GENRE=f
purement	purement	ADVgen	MORPH=empty
métaphysiques	métaphysique	ADJqua	NOMB.=p|GENRE=f
;	;	PONfbl	MORPH=empty
il	il	PROper	PERS.=3|NOMB.=s|GENRE=m|CAS=n
est	être	VERcjg	MODE=ind|TEMPS=pst|PERS.=3|NOMB.=s
ébloui	éblouir	VERppe	NOMB.=s|GENRE=m
par	par	PRE	MORPH=empty
celles	celui	PROdem	NOMB.=p|GENRE=f
qui	qui	PROrel	MORPH=empty
émanent	émaner	VERcjg	MODE=ind|TEMPS=pst|PERS.=3|NOMB.=p
de	de	PRE	MORPH=empty
la	le	DETdef	NOMB.=s|GENRE=f
Divinité	divinité	NOMpro	NOMB.=s|GENRE=f
,	,	PONfbl	MORPH=empty
et	et	CONcoo	MORPH=empty
il	il	PROper	PERS.=3|NOMB.=s|GENRE=m|CAS=n
ne	ne	ADVneg	MORPH=empty
peut	pouvoir	VERcjg	MODE=ind|TEMPS=pst|PERS.=3|NOMB.=s
saisir	saisir	VERinf	MORPH=empty
celles	celui	PROdem	NOMB.=p|GENRE=f
qui	qui	PROrel	MORPH=empty
ne	ne	ADVneg	MORPH=empty
se	il	PROper	PERS.=3|NOMB.=s|GENRE=f|CAS=r
reposent	reposer	VERcjg	MODE=ind|TEMPS=pst|PERS.=3|NOMB.=p
pas	pas	ADVgen	MORPH=empty
sur	sur	PRE	MORPH=empty
ses	son	DETpos	PERS.=3|NOMB.=s|GENRE=m
ouvrages	ouvrage	NOMcom	NOMB.=p|GENRE=m
.	.	PONfrt	MORPH=empty
C’	ce	PROdem	NOMB.=s|GENRE=n
est	être	VERcjg	MODE=ind|TEMPS=pst|PERS.=3|NOMB.=s
par	par	PRE	MORPH=empty
cette	ce	DETdem	NOMB.=s|GENRE=f
dernière	dernier	ADJqua	NOMB.=s|GENRE=f
raison	raison	NOMcom	NOMB.=s|GENRE=f
que	que	PROrel	MORPH=empty
le	le	DETdef	NOMB.=s|GENRE=m
langage	langage	NOMcom	NOMB.=s|GENRE=m
des	de_le	PRE.DETdef	NOMB.=p|GENRE=m
peuples	peuple	NOMcom	NOMB.=p|GENRE=m
civilisés	civiliser	VERppe	NOMB.=p|GENRE=m
ne	ne	ADVneg	MORPH=empty
peint	peindre	VERcjg	MODE=ind|TEMPS=pst|PERS.=3|NOMB.=s
rien	rien	PROind	NOMB.=s|GENRE=x
,	,	PONfbl	MORPH=empty
parce	parce	ADVgen	MORPH=empty
qu’	que	CONsub	MORPH=empty
il	il	PROper	PERS.=3|NOMB.=s|GENRE=m|CAS=n
est	être	VERcjg	MODE=ind|TEMPS=pst|PERS.=3|NOMB.=s
plein	plein	ADJqua	NOMB.=s|GENRE=m
d’	de	PRE	MORPH=empty
idées	idée	NOMcom	NOMB.=p|GENRE=f
vagues	vague	ADJqua	NOMB.=p|GENRE=f
et	et	CONcoo	MORPH=empty
d’	de	PRE	MORPH=empty
abstractions	abstraction	NOMcom	NOMB.=p|GENRE=f
;	;	PONfbl	MORPH=empty
et	et	CONcoo	MORPH=empty
celui	celui	PROdem	NOMB.=s|GENRE=m
des	de_le	PRE.DETdef	NOMB.=p|GENRE=m
peuples	peuple	NOMcom	NOMB.=p|GENRE=m
simples	simple	ADJqua	NOMB.=p|GENRE=m
et	et	CONcoo	MORPH=empty
naturels	naturel	ADJqua	NOMB.=p|GENRE=m
est	être	VERcjg	MODE=ind|TEMPS=pst|PERS.=3|NOMB.=s
très	très	ADVgen	MORPH=empty
-	-	PONfbl	MORPH=empty
expressif	expressif	ADJqua	NOMB.=s|GENRE=m
,	,	PONfbl	MORPH=empty
parce	parce	ADVgen	MORPH=empty
qu’	que	CONsub	MORPH=empty
il	il	PROper	PERS.=3|NOMB.=s|GENRE=m|CAS=n
est	être	VERcjg	MODE=ind|TEMPS=pst|PERS.=3|NOMB.=s
rempli	remplir	VERppe	NOMB.=s|GENRE=m
de	de	PRE	MORPH=empty
similitudes	similitude	NOMcom	NOMB.=p|GENRE=f
et	et	CONcoo	MORPH=empty
d’	de	PRE	MORPH=empty
images	image	NOMcom	NOMB.=p|GENRE=f
.	.	PONfrt	MORPH=empty
Les	le	DETdef	NOMB.=p|GENRE=m
premiers	premier	PROord	NOMB.=p|GENRE=m
sont	être	VERcjg	MODE=ind|TEMPS=pst|PERS.=3|NOMB.=p
habitués	habituer	VERppe	NOMB.=p|GENRE=m
à	à	PRE	MORPH=empty
cacher	cacher	VERinf	MORPH=empty
leurs	leur	DETpos	PERS.=3|NOMB.=p|GENRE=m
sentimens	sentiment	NOMcom	NOMB.=p|GENRE=m
;	;	PONfbl	MORPH=empty
les	le	DETdef	NOMB.=p|GENRE=m
seconds	second	PROord	NOMB.=p|GENRE=m
à	à	PRE	MORPH=empty
les	il	PROper	PERS.=3|NOMB.=p|GENRE=m|CAS=r
étendre	étendre	VERinf	MORPH=empty
.	.	PONfrt	MORPH=empty
Mais	mais	CONcoo	MORPH=empty
comme	comme	CONsub	MORPH=empty
souvent	souvent	ADVgen	MORPH=empty
les	le	DETdef	NOMB.=p|GENRE=m
nuages	nuage	NOMcom	NOMB.=p|GENRE=m
dispersés	disperser	VERppe	NOMB.=p|GENRE=m
sous	sous	PRE	MORPH=empty
mille	mille	DETcar	MORPH=empty
formes	forme	NOMcom	NOMB.=p|GENRE=f
phantastiques	fantastique	ADJqua	NOMB.=p|GENRE=f
,	,	PONfbl	MORPH=empty
décomposent	décomposer	VERcjg	MODE=ind|TEMPS=pst|PERS.=3|NOMB.=p
les	le	DETdef	NOMB.=p|GENRE=m
rayons	rayon	NOMcom	NOMB.=p|GENRE=m
du	de_le	PRE.DETdef	NOMB.=s|GENRE=m
soleil	soleil	NOMcom	NOMB.=s|GENRE=m
en	en	PRE	MORPH=empty
teintes	teinte	NOMcom	NOMB.=p|GENRE=f
plus	plus	ADVgen	MORPH=empty
riches	riche	ADJqua	NOMB.=p|GENRE=f
et	et	CONcoo	MORPH=empty
plus	plus	ADVgen	MORPH=empty
variées	varié	VERppe	NOMB.=p|GENRE=f
que	que	CONsub	MORPH=empty
celles	celui	PROdem	NOMB.=p|GENRE=f
qui	qui	PROrel	MORPH=empty
colorent	colorer	VERcjg	MODE=ind|TEMPS=pst|PERS.=3|NOMB.=p
les	le	DETdef	NOMB.=p|GENRE=m
ouvrages	ouvrage	NOMcom	NOMB.=p|GENRE=m
réguliers	régulier	ADJqua	NOMB.=p|GENRE=m
de	de	PRE	MORPH=empty
la	le	DETdef	NOMB.=s|GENRE=f
nature	nature	NOMcom	NOMB.=s|GENRE=f
,	,	PONfbl	MORPH=empty
ainsi	ainsi	ADVgen	MORPH=empty
les	le	DETdef	NOMB.=p|GENRE=f
fables	fable	NOMcom	NOMB.=p|GENRE=f
réfléchissent	réfléchir	VERcjg	MODE=ind|TEMPS=pst|PERS.=3|NOMB.=p
la	le	DETdef	NOMB.=s|GENRE=f
vérité	vérité	NOMcom	NOMB.=s|GENRE=f
avec	avec	PRE	MORPH=empty
plus	plus	ADVgen	MORPH=empty
d’	de	PRE	MORPH=empty
étendue	étendue	NOMcom	NOMB.=s|GENRE=f
que	que	CONsub	MORPH=empty
les	le	DETdef	NOMB.=p|GENRE=m
événemens	événement	NOMcom	NOMB.=p|GENRE=m
réels	réel	NOMcom	NOMB.=p|GENRE=m
;	;	PONfbl	MORPH=empty
elles	il	PROper	PERS.=3|NOMB.=p|GENRE=f|CAS=n
la	il	PROper	PERS.=3|NOMB.=s|GENRE=f|CAS=r
transportent	transporter	VERcjg	MODE=ind|TEMPS=pst|PERS.=3|NOMB.=p
dans	dans	PRE	MORPH=empty
tous	tout	DETind	NOMB.=p|GENRE=m
les	le	DETdef	NOMB.=p|GENRE=m
règnes	règne	NOMcom	NOMB.=p|GENRE=m
;	;	PONfbl	MORPH=empty
elles	il	PROper	PERS.=3|NOMB.=p|GENRE=f|CAS=n
l’	il	PROper	PERS.=3|NOMB.=s|GENRE=f|CAS=r
approprient	approprier	VERcjg	MODE=ind|TEMPS=pst|PERS.=3|NOMB.=p
aux	à_le	PRE.DETdef	NOMB.=p|GENRE=m
animaux	animal	NOMcom	NOMB.=p|GENRE=m
,	,	PONfbl	MORPH=empty
aux	à_le	PRE.DETdef	NOMB.=p|GENRE=m
arbres	arbre	NOMcom	NOMB.=p|GENRE=m
,	,	PONfbl	MORPH=empty
aux	à_le	PRE.DETdef	NOMB.=p|GENRE=m
élémens	élément	NOMcom	NOMB.=p|GENRE=m
,	,	PONfbl	MORPH=empty
et	et	CONcoo	MORPH=empty
en	en	PRE	MORPH=empty
font	faire	VERcjg	MODE=ind|TEMPS=pst|PERS.=3|NOMB.=p
jaillir	jaillir	VERinf	MORPH=empty
mille	mille	DETcar	MORPH=empty
reflets	reflet	NOMcom	NOMB.=p|GENRE=m
.	.	PONfrt	MORPH=empty
Ainsi	ainsi	ADVgen	MORPH=empty
les	le	DETdef	NOMB.=p|GENRE=m
rayons	rayon	NOMcom	NOMB.=p|GENRE=m
du	de_le	PRE.DETdef	NOMB.=s|GENRE=m
soleil	soleil	NOMcom	NOMB.=s|GENRE=m
se	il	PROper	PERS.=3|NOMB.=p|GENRE=m|CAS=r
jouent	jouer	VERcjg	MODE=ind|TEMPS=pst|PERS.=3|NOMB.=p
,	,	PONfbl	MORPH=empty
sans	sans	PRE	MORPH=empty
s’	il	PROper	PERS.=3|NOMB.=p|GENRE=m|CAS=r
éteindre	éteindre	VERinf	MORPH=empty
,	,	PONfbl	MORPH=empty
au	à_le	PRE.DETdef	NOMB.=s|GENRE=m
fond	fond	NOMcom	NOMB.=s|GENRE=m
des	de_le	PRE.DETdef	NOMB.=p|GENRE=f
eaux	eau	NOMcom	NOMB.=p|GENRE=f
,	,	PONfbl	MORPH=empty
y	y	PROadv	MORPH=empty
reflettent	refléter	VERcjg	MODE=ind|TEMPS=pst|PERS.=3|NOMB.=p
les	le	DETdef	NOMB.=p|GENRE=m
objets	objet	NOMcom	NOMB.=p|GENRE=m
de	de	PRE	MORPH=empty
la	le	DETdef	NOMB.=s|GENRE=f
terre	terre	NOMcom	NOMB.=s|GENRE=f
et	et	CONcoo	MORPH=empty
des	de_le	PRE.DETdef	NOMB.=p|GENRE=m
cieux	ciel	NOMcom	NOMB.=p|GENRE=m
,	,	PONfbl	MORPH=empty
et	et	CONcoo	MORPH=empty
redoublent	redoubler	VERcjg	MODE=ind|TEMPS=pst|PERS.=3|NOMB.=p
leurs	leur	DETpos	PERS.=3|NOMB.=p|GENRE=f
beautés	beauté	NOMcom	NOMB.=p|GENRE=f
par	par	PRE	MORPH=empty
des	un	DETndf	NOMB.=p|GENRE=f
consonnances	consonnance	NOMcom	NOMB.=p|GENRE=f
.	.	PONfrt	MORPH=empty
L’	le	DETdef	NOMB.=s|GENRE=f
ignorance	ignorance	NOMcom	NOMB.=s|GENRE=f
est	être	VERcjg	MODE=ind|TEMPS=pst|PERS.=3|NOMB.=s
donc	donc	ADVgen	MORPH=empty
aussi	aussi	ADVgen	MORPH=empty
nécessaire	nécessaire	ADJqua	NOMB.=s|GENRE=f
à	à	PRE	MORPH=empty
la	le	DETdef	NOMB.=s|GENRE=f
vérité	vérité	NOMcom	NOMB.=s|GENRE=f
que	que	PROrel	MORPH=empty
l’	le	DETdef	NOMB.=s|GENRE=f
ombre	ombre	NOMcom	NOMB.=s|GENRE=f
l’	il	PROper	PERS.=3|NOMB.=s|GENRE=f|CAS=r
est	être	VERcjg	MODE=ind|TEMPS=pst|PERS.=3|NOMB.=s
à	à	PRE	MORPH=empty
la	le	DETdef	NOMB.=s|GENRE=f
lumière	lumière	NOMcom	NOMB.=s|GENRE=f
,	,	PONfbl	MORPH=empty
puisque	puisque	CONsub	MORPH=empty
c’	ce	PROdem	NOMB.=s|GENRE=n
est	être	VERcjg	MODE=ind|TEMPS=pst|PERS.=3|NOMB.=s
des	de_le	PRE.DETdef	NOMB.=p|GENRE=f
premières	première	PROord	NOMB.=p|GENRE=f
que	que	PROrel	MORPH=empty
se	il	PROper	PERS.=3|NOMB.=p|GENRE=f|CAS=r
forment	former	VERcjg	MODE=ind|TEMPS=pst|PERS.=3|NOMB.=p
les	le	DETdef	NOMB.=p|GENRE=f
harmonies	harmonie	NOMcom	NOMB.=p|GENRE=f
de	de	PRE	MORPH=empty
notre	notre	DETpos	PERS.=1|NOMB.=p|GENRE=f
intelligence	intelligence	NOMcom	NOMB.=s|GENRE=f
,	,	PONfbl	MORPH=empty
comme	comme	CONsub	MORPH=empty
des	de_le	PRE.DETdef	NOMB.=p|GENRE=f
secondes	seconde	PROord	NOMB.=p|GENRE=f
se	se	PROper	PERS.=3|NOMB.=p|GENRE=f|CAS=r
composent	composer	VERcjg	MODE=ind|TEMPS=pst|PERS.=3|NOMB.=p
celles	celui	PROdem	NOMB.=p|GENRE=f
de	de	PRE	MORPH=empty
notre	notre	DETpos	PERS.=1|NOMB.=p|GENRE=f
vue	vue	NOMcom	NOMB.=s|GENRE=f
.	.	PONfrt	MORPH=empty
Les	le	DETdef	NOMB.=p|GENRE=m
moralistes	moraliste	NOMcom	NOMB.=p|GENRE=m
,	,	PONfbl	MORPH=empty
comme	comme	CONsub	MORPH=empty
je	je	PROper	PERS.=1|NOMB.=s|GENRE=x|CAS=n
l’	il	PROper	PERS.=3|NOMB.=s|GENRE=x|CAS=r
ai	avoir	VERcjg	MODE=ind|TEMPS=pst|PERS.=1|NOMB.=s
déja	déjà	ADVgen	MORPH=empty
observé	observer	VERppe	NOMB.=s|GENRE=m
dans	dans	PRE	MORPH=empty
mes	mon	DETpos	PERS.=1|NOMB.=s|GENRE=f
Etudes	étude	NOMpro	NOMB.=p|GENRE=f
,	,	PONfbl	MORPH=empty
ont	avoir	VERcjg	MODE=ind|TEMPS=pst|PERS.=3|NOMB.=p
presque	presque	ADVgen	MORPH=empty
toujours	toujours	ADVgen	MORPH=empty
confondu	confondre	VERppe	NOMB.=s|GENRE=m
l’	le	DETdef	NOMB.=s|GENRE=f
ignorance	ignorance	NOMcom	NOMB.=s|GENRE=f
avec	avec	PRE	MORPH=empty
l’	le	DETdef	NOMB.=s|GENRE=f
erreur	erreur	NOMcom	NOMB.=s|GENRE=f
.	.	PONfrt	MORPH=empty
L’	le	DETdef	NOMB.=s|GENRE=f
ignorance	ignorance	NOMcom	NOMB.=s|GENRE=f
,	,	PONfbl	MORPH=empty
à	à	PRE	MORPH=empty
la	il	PROper	PERS.=3|NOMB.=s|GENRE=f|CAS=r
considérer	considérer	VERinf	MORPH=empty
seule	seul	ADJqua	NOMB.=s|GENRE=f
et	et	CONcoo	MORPH=empty
sans	sans	PRE	MORPH=empty
la	le	DETdef	NOMB.=s|GENRE=f
vérité	vérité	NOMcom	NOMB.=s|GENRE=f
avec	avec	PRE	MORPH=empty
laquelle	lequel	PROrel	NOMB.=s|GENRE=f
elle	il	PROper	PERS.=3|NOMB.=s|GENRE=f|CAS=n
a	avoir	VERcjg	MODE=ind|TEMPS=pst|PERS.=3|NOMB.=s
de	de	PRE	MORPH=empty
si	si	ADVgen	MORPH=empty
douces	doux	ADJqua	NOMB.=p|GENRE=f
harmonies	harmonie	NOMcom	NOMB.=p|GENRE=f
,	,	PONfbl	MORPH=empty
est	être	VERcjg	MODE=ind|TEMPS=pst|PERS.=3|NOMB.=s
le	le	DETdef	NOMB.=s|GENRE=m
repos	repos	NOMcom	NOMB.=s|GENRE=m
de	de	PRE	MORPH=empty
notre	notre	DETpos	PERS.=1|NOMB.=p|GENRE=f
intelligence	intelligence	NOMcom	NOMB.=s|GENRE=f
;	;	PONfbl	MORPH=empty
elle	il	PROper	PERS.=3|NOMB.=s|GENRE=f|CAS=n
nous	nous	PROper	PERS.=1|NOMB.=p|GENRE=x|CAS=i
fait	faire	VERcjg	MODE=ind|TEMPS=pst|PERS.=3|NOMB.=s
oublier	oublier	VERinf	MORPH=empty
les	le	DETdef	NOMB.=p|GENRE=m
maux	mal	NOMcom	NOMB.=p|GENRE=m
passés	passer	VERppe	NOMB.=p|GENRE=m
,	,	PONfbl	MORPH=empty
nous	nous	PROper	PERS.=1|NOMB.=p|GENRE=x|CAS=i
dissimule	dissimuler	VERcjg	MODE=ind|TEMPS=pst|PERS.=3|NOMB.=s
les	le	DETdef	NOMB.=p|GENRE=m
présens	présent	ADJqua	NOMB.=p|GENRE=m
,	,	PONfbl	MORPH=empty
et	et	CONcoo	MORPH=empty
nous	nous	PROper	PERS.=1|NOMB.=p|GENRE=x|CAS=i
cache	cacher	VERcjg	MODE=ind|TEMPS=pst|PERS.=3|NOMB.=s
ceux	celui	PROdem	NOMB.=p|GENRE=m
de	de	PRE	MORPH=empty
l’	le	DETdef	NOMB.=s|GENRE=m
avenir	avenir	NOMcom	NOMB.=s|GENRE=m
;	;	PONfbl	MORPH=empty
enfin	enfin	ADVgen	MORPH=empty
elle	il	PROper	PERS.=3|NOMB.=s|GENRE=f|CAS=n
est	être	VERcjg	MODE=ind|TEMPS=pst|PERS.=3|NOMB.=s
un	un	DETndf	NOMB.=s|GENRE=m
bien	bien	NOMcom	NOMB.=s|GENRE=m
,	,	PONfbl	MORPH=empty
puisque	puisque	CONsub	MORPH=empty
nous	nous	PROper	PERS.=1|NOMB.=p|GENRE=x|CAS=n
la	il	PROper	PERS.=3|NOMB.=s|GENRE=f|CAS=r
tenons	tenir	VERcjg	MODE=ind|TEMPS=pst|PERS.=1|NOMB.=p
de	de	PRE	MORPH=empty
la	le	DETdef	NOMB.=s|GENRE=f
nature	nature	NOMcom	NOMB.=s|GENRE=f
:	:	PONfbl	MORPH=empty
l’	le	DETdef	NOMB.=s|GENRE=f
erreur	erreur	NOMcom	NOMB.=s|GENRE=f
au	à_le	PRE.DETdef	NOMB.=s|GENRE=m
contraire	contraire	NOMcom	NOMB.=s|GENRE=m
est	être	VERcjg	MODE=ind|TEMPS=pst|PERS.=3|NOMB.=s
l’	le	DETdef	NOMB.=s|GENRE=m
ouvrage	ouvrage	NOMcom	NOMB.=s|GENRE=m
de	de	PRE	MORPH=empty
l’	le	DETdef	NOMB.=s|GENRE=m
homme	homme	NOMcom	NOMB.=s|GENRE=m
;	;	PONfbl	MORPH=empty
elle	il	PROper	PERS.=3|NOMB.=s|GENRE=f|CAS=n
est	être	VERcjg	MODE=ind|TEMPS=pst|PERS.=3|NOMB.=s
toujours	toujours	ADVgen	MORPH=empty
un	un	DETndf	NOMB.=s|GENRE=m
mal	mal	NOMcom	NOMB.=s|GENRE=m
;	;	PONfbl	MORPH=empty
c’	ce	PROdem	NOMB.=s|GENRE=n
est	être	VERcjg	MODE=ind|TEMPS=pst|PERS.=3|NOMB.=s
une	un	DETndf	NOMB.=s|GENRE=f
fausse	faux	ADJqua	NOMB.=s|GENRE=f
lumière	lumière	NOMcom	NOMB.=s|GENRE=f
qui	qui	PROrel	MORPH=empty
luit	luire	VERcjg	MODE=ind|TEMPS=pst|PERS.=3|NOMB.=s
pour	pour	PRE	MORPH=empty
nous	nous	PROper	PERS.=1|NOMB.=p|GENRE=x|CAS=r
égarer	égarer	VERinf	MORPH=empty
.	.	PONfrt	MORPH=empty
Je	je	PROper	PERS.=1|NOMB.=s|GENRE=x|CAS=n
ne	ne	ADVneg	MORPH=empty
puis	pouvoir	VERcjg	MODE=ind|TEMPS=pst|PERS.=1|NOMB.=s
mieux	mieux	ADVgen	MORPH=empty
la	il	PROper	PERS.=3|NOMB.=s|GENRE=f|CAS=r
comparer	comparer	VERinf	MORPH=empty
qu’	que	ADVgen	MORPH=empty
à	à	PRE	MORPH=empty
la	le	DETdef	NOMB.=s|GENRE=f
lueur	lueur	NOMcom	NOMB.=s|GENRE=f
d’	de	PRE	MORPH=empty
un	un	DETndf	NOMB.=s|GENRE=m
incendie	incendie	NOMcom	NOMB.=s|GENRE=m
qui	qui	PROrel	MORPH=empty
dévore	dévorer	VERcjg	MODE=ind|TEMPS=pst|PERS.=3|NOMB.=s
les	le	DETdef	NOMB.=p|GENRE=f
habitations	habitation	NOMcom	NOMB.=p|GENRE=f
qu’	que	PROrel	MORPH=empty
elle	il	PROper	PERS.=3|NOMB.=s|GENRE=f|CAS=n
éclaire	éclairer	VERcjg	MODE=ind|TEMPS=pst|PERS.=3|NOMB.=s
.	.	PONfrt	MORPH=empty
Il	il	PROimp	PERS.=3|NOMB.=s|GENRE=x|CAS=n
est	être	VERcjg	MODE=ind|TEMPS=pst|PERS.=3|NOMB.=s
remarquable	remarquable	ADJqua	NOMB.=s|GENRE=x
qu’	que	CONsub	MORPH=empty
il	il	PROimp	PERS.=3|NOMB.=s|GENRE=x|CAS=n
n’	ne	ADVneg	MORPH=empty
y	y	PROadv	MORPH=empty
a	avoir	VERcjg	MODE=ind|TEMPS=pst|PERS.=3|NOMB.=s
pas	pas	ADVgen	MORPH=empty
un	un	DETndf	NOMB.=s|GENRE=m
seul	seul	ADJqua	NOMB.=s|GENRE=m
mal	mal	NOMcom	NOMB.=s|GENRE=m
moral	moral	ADJqua	NOMB.=s|GENRE=m
ou	ou	CONcoo	MORPH=empty
physique	physique	ADJqua	NOMB.=s|GENRE=m
qui	qui	PROrel	MORPH=empty
n’	ne	ADVneg	MORPH=empty
ait	avoir	VERcjg	MODE=sub|TEMPS=pst|PERS.=3|NOMB.=s
pour	pour	PRE	MORPH=empty
principe	principe	NOMcom	NOMB.=s|GENRE=m
une	un	DETndf	NOMB.=s|GENRE=f
erreur	erreur	NOMcom	NOMB.=s|GENRE=f
.	.	PONfrt	MORPH=empty
Les	le	DETdef	NOMB.=p|GENRE=f
tyrannies	tyrannie	NOMcom	NOMB.=p|GENRE=f
,	,	PONfbl	MORPH=empty
l’	le	DETdef	NOMB.=s|GENRE=m
esclavage	esclavage	NOMcom	NOMB.=s|GENRE=m
,	,	PONfbl	MORPH=empty
les	le	DETdef	NOMB.=p|GENRE=f
guerres	guerre	NOMcom	NOMB.=p|GENRE=f
sont	être	VERcjg	MODE=ind|TEMPS=pst|PERS.=3|NOMB.=p
fondées	fonder	VERppe	NOMB.=p|GENRE=f
sur	sur	PRE	MORPH=empty
des	un	DETndf	NOMB.=p|GENRE=f
erreurs	erreur	NOMcom	NOMB.=p|GENRE=f
politiques	politique	ADJqua	NOMB.=p|GENRE=f
,	,	PONfbl	MORPH=empty
et	et	CONcoo	MORPH=empty
même	même	ADVgen	MORPH=empty
sacrées	sacrer	VERppe	NOMB.=p|GENRE=f
;	;	PONfbl	MORPH=empty
car	car	CONcoo	MORPH=empty
les	le	DETdef	NOMB.=p|GENRE=m
tyrans	tyran	NOMcom	NOMB.=p|GENRE=m
qui	qui	PROrel	MORPH=empty
les	il	PROper	PERS.=3|NOMB.=p|GENRE=f|CAS=r
ont	avoir	VERcjg	MODE=ind|TEMPS=pst|PERS.=3|NOMB.=p
répandues	répandre	VERppe	NOMB.=p|GENRE=f
pour	pour	PRE	MORPH=empty
établir	établir	VERinf	MORPH=empty
leur	leur	DETpos	PERS.=3|NOMB.=p|GENRE=f
puissance	puissance	NOMcom	NOMB.=s|GENRE=f
,	,	PONfbl	MORPH=empty
les	il	PROper	PERS.=3|NOMB.=p|GENRE=f|CAS=r
ont	avoir	VERcjg	MODE=ind|TEMPS=pst|PERS.=3|NOMB.=p
toujours	toujours	ADVgen	MORPH=empty
dérivées	dériver	VERppe	NOMB.=p|GENRE=f
de	de	PRE	MORPH=empty
la	le	DETdef	NOMB.=s|GENRE=f
Divinité	divinité	NOMpro	NOMB.=s|GENRE=f
ou	ou	CONcoo	MORPH=empty
de	de	PRE	MORPH=empty
quelque	quelque	DETind	NOMB.=s|GENRE=f
vertu	vertu	NOMcom	NOMB.=s|GENRE=f
,	,	PONfbl	MORPH=empty
afin	afin	ADVgen	MORPH=empty
de	de	PRE	MORPH=empty
les	il	PROper	PERS.=3|NOMB.=p|GENRE=f|CAS=r
faire	faire	VERinf	MORPH=empty
respecter	respecter	VERinf	MORPH=empty
des	de_le	PRE.DETdef	NOMB.=p|GENRE=m
hommes	homme	NOMcom	NOMB.=p|GENRE=m
.	.	PONfrt	MORPH=empty
Il	il	PROimp	PERS.=3|NOMB.=s|GENRE=x|CAS=n
est	être	VERcjg	MODE=ind|TEMPS=pst|PERS.=3|NOMB.=s
cependant	cependant	ADVgen	MORPH=empty
bien	bien	ADVgen	MORPH=empty
facile	facile	ADJqua	NOMB.=s|GENRE=x
de	de	PRE	MORPH=empty
distinguer	distinguer	VERinf	MORPH=empty
l’	le	DETdef	NOMB.=s|GENRE=f
erreur	erreur	NOMcom	NOMB.=s|GENRE=f
de	de	PRE	MORPH=empty
la	le	DETdef	NOMB.=s|GENRE=f
vérité	vérité	NOMcom	NOMB.=s|GENRE=f
.	.	PONfrt	MORPH=empty
La	le	DETdef	NOMB.=s|GENRE=f
vérité	vérité	NOMcom	NOMB.=s|GENRE=f
est	être	VERcjg	MODE=ind|TEMPS=pst|PERS.=3|NOMB.=s
une	un	DETndf	NOMB.=s|GENRE=f
lumière	lumière	NOMcom	NOMB.=s|GENRE=f
naturelle	naturel	ADJqua	NOMB.=s|GENRE=f
qui	qui	PROrel	MORPH=empty
luit	luire	VERcjg	MODE=ind|TEMPS=pst|PERS.=3|NOMB.=s
d’	de	PRE	MORPH=empty
elle	il	PROper	PERS.=3|NOMB.=s|GENRE=f|CAS=i
-même	même	ADJind	NOMB.=s|GENRE=f
par	par	PRE	MORPH=empty
toute	tout	DETind	NOMB.=s|GENRE=f
la	le	DETdef	NOMB.=s|GENRE=f
terre	terre	NOMcom	NOMB.=s|GENRE=f
,	,	PONfbl	MORPH=empty
parce	parce	ADVgen	MORPH=empty
qu’	que	CONsub	MORPH=empty
elle	il	PROper	PERS.=3|NOMB.=s|GENRE=f|CAS=n
vient	venir	VERcjg	MODE=ind|TEMPS=pst|PERS.=3|NOMB.=s
de	de	PRE	MORPH=empty
Dieu	Dieu	NOMpro	NOMB.=s|GENRE=m
;	;	PONfbl	MORPH=empty
l’	le	DETdef	NOMB.=s|GENRE=f
erreur	erreur	NOMcom	NOMB.=s|GENRE=f
est	être	VERcjg	MODE=ind|TEMPS=pst|PERS.=3|NOMB.=s
une	un	DETndf	NOMB.=s|GENRE=f
lueur	lueur	NOMcom	NOMB.=s|GENRE=f
artificielle	artificiel	ADJqua	NOMB.=s|GENRE=f
qui	qui	PROrel	MORPH=empty
a	avoir	VERcjg	MODE=ind|TEMPS=pst|PERS.=3|NOMB.=s
besoin	besoin	NOMcom	NOMB.=s|GENRE=m
sans	sans	PRE	MORPH=empty
cesse	cesse	NOMcom	NOMB.=s|GENRE=f
d’	de	PRE	MORPH=empty
être	être	VERinf	MORPH=empty
alimentée	alimenter	VERppe	NOMB.=s|GENRE=f
,	,	PONfbl	MORPH=empty
et	et	CONcoo	MORPH=empty
qui	qui	PROrel	MORPH=empty
ne	ne	ADVneg	MORPH=empty
peut	pouvoir	VERcjg	MODE=ind|TEMPS=pst|PERS.=3|NOMB.=s
jamais	jamais	ADVgen	MORPH=empty
être	être	VERinf	MORPH=empty
universelle	universel	ADJqua	NOMB.=s|GENRE=f
,	,	PONfbl	MORPH=empty
parce	parce	ADVgen	MORPH=empty
qu’	que	CONsub	MORPH=empty
elle	il	PROper	PERS.=3|NOMB.=s|GENRE=f|CAS=n
n’	ne	ADVneg	MORPH=empty
est	être	VERcjg	MODE=ind|TEMPS=pst|PERS.=3|NOMB.=s
que	que	ADVgen	MORPH=empty
l’	le	DETdef	NOMB.=s|GENRE=m
ouvrage	ouvrage	NOMcom	NOMB.=s|GENRE=m
des	de_le	PRE.DETdef	NOMB.=p|GENRE=m
hommes	homme	NOMcom	NOMB.=p|GENRE=m
.	.	PONfrt	MORPH=empty
La	le	DETdef	NOMB.=s|GENRE=f
vérité	vérité	NOMcom	NOMB.=s|GENRE=f
est	être	VERcjg	MODE=ind|TEMPS=pst|PERS.=3|NOMB.=s
utile	utile	ADJqua	NOMB.=s|GENRE=f
à	à	PRE	MORPH=empty
tous	tout	DETind	NOMB.=p|GENRE=m
les	le	DETdef	NOMB.=p|GENRE=m
hommes	homme	NOMcom	NOMB.=p|GENRE=m
;	;	PONfbl	MORPH=empty
l’	le	DETdef	NOMB.=s|GENRE=f
erreur	erreur	NOMcom	NOMB.=s|GENRE=f
n’	ne	ADVneg	MORPH=empty
est	être	VERcjg	MODE=ind|TEMPS=pst|PERS.=3|NOMB.=s
profitable	profitable	ADJqua	NOMB.=s|GENRE=f
qu’	que	ADVgen	MORPH=empty
à	à	PRE	MORPH=empty
quelques-uns	quelqu'un	PROind	NOMB.=p|GENRE=m
,	,	PONfbl	MORPH=empty
et	et	CONcoo	MORPH=empty
est	être	VERcjg	MODE=ind|TEMPS=pst|PERS.=3|NOMB.=s
nuisible	nuisible	ADJqua	NOMB.=s|GENRE=f
à	à	PRE	MORPH=empty
tous	tout	PROind	NOMB.=p|GENRE=m
,	,	PONfbl	MORPH=empty
parce	parce	ADVgen	MORPH=empty
que	que	CONsub	MORPH=empty
l’	le	DETdef	NOMB.=s|GENRE=m
intérêt	intérêt	NOMcom	NOMB.=s|GENRE=m
particulier	particulier	ADJqua	NOMB.=s|GENRE=m
est	être	VERcjg	MODE=ind|TEMPS=pst|PERS.=3|NOMB.=s
l’	le	DETdef	NOMB.=s|GENRE=m
ennemi	ennemi	NOMcom	NOMB.=s|GENRE=m
de	de	PRE	MORPH=empty
l’	le	DETdef	NOMB.=s|GENRE=m
intérêt	intérêt	NOMcom	NOMB.=s|GENRE=m
général	général	ADJqua	NOMB.=s|GENRE=m
,	,	PONfbl	MORPH=empty
quand	quand	CONsub	MORPH=empty
il	il	PROper	PERS.=3|NOMB.=s|GENRE=m|CAS=n
s’	il	PROper	PERS.=3|NOMB.=s|GENRE=m|CAS=r
en	en	PROadv	MORPH=empty
sépare	séparer	VERcjg	MODE=ind|TEMPS=pst|PERS.=3|NOMB.=s
.	.	PONfrt	MORPH=empty
Il	il	PROimp	PERS.=3|NOMB.=s|GENRE=x|CAS=n
faut	falloir	VERcjg	MODE=ind|TEMPS=pst|PERS.=3|NOMB.=s
bien	bien	ADVgen	MORPH=empty
prendre	prendre	VERinf	MORPH=empty
garde	garde	NOMcom	NOMB.=s|GENRE=f
de	de	PRE	MORPH=empty
confondre	confondre	VERinf	MORPH=empty
la	le	DETdef	NOMB.=s|GENRE=f
fable	fable	NOMcom	NOMB.=s|GENRE=f
avec	avec	PRE	MORPH=empty
l’	le	DETdef	NOMB.=s|GENRE=f
erreur	erreur	NOMcom	NOMB.=s|GENRE=f
.	.	PONfrt	MORPH=empty
La	le	DETdef	NOMB.=s|GENRE=f
fable	fable	NOMcom	NOMB.=s|GENRE=f
est	être	VERcjg	MODE=ind|TEMPS=pst|PERS.=3|NOMB.=s
le	le	DETdef	NOMB.=s|GENRE=m
voile	voile	NOMcom	NOMB.=s|GENRE=m
de	de	PRE	MORPH=empty
la	le	DETdef	NOMB.=s|GENRE=f
vérité	vérité	NOMcom	NOMB.=s|GENRE=f
,	,	PONfbl	MORPH=empty
